SALE TYPE,SOLD DATE,PROPERTY TYPE,ADDRESS,CITY,STATE,ZIP,PRICE,BEDS,BATHS,LOCATION,SQUARE FEET,LOT SIZE,YEAR BUILT,DAYS ON MARKET,$/SQUARE FEET,HOA/MONTH,STATUS,NEXT OPEN HOUSE START TIME,NEXT OPEN HOUSE END TIME,URL (SEE http://www.redfin.com/buy-a-home/comparative-market-analysis FOR INFO ON PRICING),SOURCE,MLS#,FAVORITE,INTERESTED,LATITUDE,LONGITUDE
MLS Listing,,Single Family Residential,9257 Helix Mesa Way,Casa de Oro,CA,91977,799990,5,4.0,Mount Helix,3181,11362,2018,10,251,137,Active,,,http://www.redfin.com/CA/Casa-De-Oro-Mount-Helix/9257-Helix-Mesa-Way-91977/home/148537355,SDMLS,180068179,N,Y,32.7512423,-116.9959357
MLS Listing,,Single Family Residential,9221 Helix Mesa Way,Casa de Oro,CA,91977,799990,5,3.5,Mount Helix,2954,11710,2018,87,271,137,Active,,,http://www.redfin.com/CA/Casa-de-Oro-Mount-Helix/9221-Helix-Mesa-Way-91977/home/147423957,SDMLS,180055966,N,Y,32.7512423,-116.9959357
MLS Listing,,Single Family Residential,1796 Rancho Cajon Pl,El Cajon,CA,92019,799900,3,2.0,ELC - El Cajon,2189,15600,1962,32,365,,Active,,,http://www.redfin.com/CA/El-Cajon/1796-Rancho-Cajon-Pl-92019/home/5686066,CRMLS,SW18281580,N,Y,32.8053702,-116.913923
MLS Listing,,Single Family Residential,7367 New Salem St,San Diego,CA,92126,799900,4,3.0,Mira Mesa,1871,,1985,19,428,,Active,,,http://www.redfin.com/CA/San-Diego/7367-New-Salem-St-92126/home/4588794,SDMLS,180067186,N,Y,32.9148864,-117.1630781
MLS Listing,,Single Family Residential,72 F St,Chula Vista,CA,91910,799900,4,3.5,Chula Vista,2269,11300,1975,1,353,,Active,,,http://www.redfin.com/CA/Chula-Vista/72-F-St-91910/home/5956820,SDMLS,180068796,N,Y,32.643293,-117.070192
MLS Listing,,Single Family Residential,6511 Foyle Way,San Diego,CA,92117,799900,4,2.0,Clairemont,1663,8800,1964,10,481,,Active,,,http://www.redfin.com/CA/San-Diego/6511-Foyle-Way-92117/home/4968691,SDMLS,180068268,N,Y,32.8242841,-117.1681556
MLS Listing,,Single Family Residential,251 CAMINO ELEVADO,Bonita,CA,91902,799900,4,2.0,Bonita,2010,17975,1966,59,398,,Active,,,http://www.redfin.com/CA/Bonita/251-Camino-Elevado-91902/home/6074763,SDMLS,180061403,N,Y,32.6570311,-117.0270565
MLS Listing,,Single Family Residential,275 Hihill Way,El Cajon,CA,92020,799000,4,2.5,El Cajon,2800,27007,1974,74,285,,Active,,,http://www.redfin.com/CA/El-Cajon/275-Hihill-Way-92020/home/17140543,SDMLS,180058528,N,Y,32.7935936,-116.986139
MLS Listing,,Single Family Residential,6535 Burgundy St,San Diego,CA,92120,799000,4,2.5,San Diego,2424,9000,1958,85,330,,Active,,,http://www.redfin.com/CA/San-Diego/6535-Burgundy-St-92120/home/5429876,SDMLS,180056256,N,Y,32.7916284,-117.0926239
MLS Listing,,Single Family Residential,341 E 30th St,National City,CA,91950,799000,4,1.0,South Sd,1128,11513,1925,11,708,,Active,,,http://www.redfin.com/CA/National-City/341-E-30th-St-91950/home/5931646,SDMLS,180068118,Y,Y,32.6581437,-117.0957496
MLS Listing,,Single Family Residential,5930 Quiet Slope Dr,San Diego,CA,92120,799000,5,2.5,Del Cerro,2565,8700,1973,35,312,,Active,,,http://www.redfin.com/CA/San-Diego/5930-Quiet-Slope-Dr-92120/home/5412924,SDMLS,180064874,N,Y,32.8034236,-117.0652722
MLS Listing,,Single Family Residential,3921 Quarry Rd,La Mesa,CA,91941,799000,5,3.0,La Mesa,2567,11217,1940,87,311,,Active,,,http://www.redfin.com/CA/La-Mesa/3921-Quarry-Rd-91941/home/7534573,SDMLS,180056111,N,Y,32.750512,-117.0176395
MLS Listing,,Single Family Residential,735 Mundy Ter,El Cajon,CA,92020,799000,4,3.0,El Cajon,2861,9100,1977,45,279,99,Active,,,http://www.redfin.com/CA/El-Cajon/735-Mundy-Ter-92020/home/5593790,SDMLS,180063759,N,Y,32.8048192,-116.9828967
MLS Listing,,Single Family Residential,2432 Highland Ave,National City,CA,91950,795000,9,4.0,National City,4450,9150,1926,26,179,,Active,,,http://www.redfin.com/CA/National-City/2432-Highland-Ave-91950/home/5931299,SDMLS,180066393,Y,Y,32.6635705,-117.0934973
MLS Listing,,Single Family Residential,6361 Camino Corto,San Diego,CA,92120,785000,4,2.0,Del Cerro,2301,7600,1974,109,341,,Active,,,http://www.redfin.com/CA/San-Diego/6361-Camino-Corto-92120/home/6244589,SDMLS,180051371,N,Y,32.7981822,-117.0568361
MLS Listing,,Single Family Residential,1781 Shady Crest Pl,El Cajon,CA,92020,784900,4,2.0,El Cajon,2378,21700,1970,65,330,,Active,,,http://www.redfin.com/CA/El-Cajon/1781-Shady-Crest-Pl-92020/home/5565992,SDMLS,180060182,N,Y,32.8176949,-116.9875877
MLS Listing,,Single Family Residential,3651 Leland,San Diego,CA,92106,780000,3,2.0,Point Loma,1652,6700,1960,57,472,,Active,,,http://www.redfin.com/CA/San-Diego/3651-Leland-St-92106/home/5358187,SDMLS,180061654,N,Y,32.7489919,-117.2190611
MLS Listing,,Single Family Residential,9246 Helix Mesa Way,Casa de Oro,CA,91977,779990,5,4.0,Mount Helix,3181,10172,2018,25,245,137,Active,,,http://www.redfin.com/CA/Casa-De-Oro-Mount-Helix/9246-Helix-Mesa-Way-91977/home/148434747,SDMLS,180066507,N,Y,32.7512423,-116.9959357
MLS Listing,,Single Family Residential,11082 Promesa Dr,San Diego,CA,92124,779000,4,2.0,Tierrasanta,1803,8000,1977,51,432,,Active,,,http://www.redfin.com/CA/San-Diego/11082-Promesa-Dr-92124/home/4990588,SDMLS,180062846,N,Y,32.827892,-117.0844418
MLS Listing,,Single Family Residential,4835 Bram Ave,Bonita,CA,91902,779000,4,2.0,Bonita,2417,22200,1964,53,322,,Active,,,http://www.redfin.com/CA/Bonita/4835-Bram-Ave-91902/home/6277458,SDMLS,180062214,N,Y,32.6710093,-117.0272957
MLS Listing,,Single Family Residential,1294 Pfeifer Ln,El Cajon,CA,92020,775000,5,3.5,El Cajon,2543,,1981,11,305,,Active,,,http://www.redfin.com/CA/El-Cajon/1294-Pfeifer-Ln-92020/home/5566714,SDMLS,180068060,N,Y,32.8135172,-116.9848283
MLS Listing,,Single Family Residential,1540 Wagner Dr,El Cajon,CA,92020,770000,8,3.0,El Cajon,3824,9100,1977,229,201,98,Active,,,http://www.redfin.com/CA/El-Cajon/1540-Wagner-Dr-92020/home/5594095,SDMLS,180026156,N,Y,32.8011253,-116.9842994
MLS Listing,,Single Family Residential,1616 Hacienda Dr,El Cajon,CA,92020,769000,4,2.5,El Cajon,2144,20900,1967,143,359,,Active,,,http://www.redfin.com/CA/El-Cajon/1616-Hacienda-Dr-92020/home/5055684,SDMLS,180044738,N,Y,32.8173535,-116.9890593
MLS Listing,,Single Family Residential,5719 Fontaine St,San Diego,CA,92120,768000,5,2.5,Del Cerro,2148,,1965,32,358,,Active,,,http://www.redfin.com/CA/San-Diego/5719-Fontaine-St-92120/home/6242654,SDMLS,180065398,N,Y,32.8020575,-117.0699154
MLS Listing,,Single Family Residential,447 Berland Way,Chula Vista,CA,91910,759900,5,5.0,Chula Vista,2595,17700,1966,161,293,,Active,,,http://www.redfin.com/CA/Chula-Vista/447-Berland-Way-91910/home/6192312,SDMLS,180040508,Y,Y,32.6333808,-117.0444917
MLS Listing,,Single Family Residential,5163 Benton Pl,San Diego,CA,92116,750000,4,2.0,Normal Heights,1636,,1940,108,458,,Active,,,http://www.redfin.com/CA/San-Diego/5163-Benton-Pl-92116/home/5266050,SDMLS,180051662,N,Y,32.7724194,-117.1155138
MLS Listing,,Single Family Residential,3603 Hazelhurst Pl,Bonita,CA,91902,750000,3,2.5,Bonita,2091,22651,1988,69,359,,Active,,,http://www.redfin.com/CA/Bonita/3603-Hazelhurst-Pl-91902/home/6064523,SDMLS,180059267,N,Y,32.6716753,-117.0169278
MLS Listing,,Single Family Residential,6327 Del Cerro Ct,San Diego,CA,92120,750000,4,2.0,Del Cerro,2288,8200,1968,8,328,,Active,,,http://www.redfin.com/CA/San-Diego/6327-Del-Cerro-Ct-92120/home/5444408,SDMLS,180068352,N,Y,32.779578,-117.0617094
MLS Listing,,Single Family Residential,2822 Kobe Dr,San Diego,CA,92123,750000,5,3.0,Serra Mesa,2622,8200,1960,27,286,,Active,,,http://www.redfin.com/CA/San-Diego/2822-Kobe-Dr-92123/home/5214656,SDMLS,180066111,N,Y,32.7959761,-117.1380336
MLS Listing,,Single Family Residential,1514 Ajay St,El Cajon,CA,92020,749900,3,2.0,El Cajon,1817,9656,1976,104,413,,Active,,,http://www.redfin.com/CA/El-Cajon/1514-Ajay-St-92020/home/5057749,SDMLS,180052347,N,Y,32.815096,-116.9988777
MLS Listing,,Single Family Residential,5343 Huaracha Ct,San Diego,CA,92124,749900,4,2.0,Tierrasanta,2040,8000,1972,87,368,,Active,,,http://www.redfin.com/CA/San-Diego/5343-Huaracha-Ct-92124/home/4988637,SDMLS,180056114,N,Y,32.8275409,-117.09664
MLS Listing,,Single Family Residential,3586 Idlewild Way,San Diego,CA,92117,749000,3,3.0,Clairemont,1572,7000,1958,26,476,,Active,,,http://www.redfin.com/CA/San-Diego/3586-Idlewild-Way-92117/home/4957135,SDMLS,180066258,N,Y,32.8263733,-117.2089775
MLS Listing,,Single Family Residential,7760 Hillandale,San diego,CA,92120,749000,5,3.0,Del Cerro,2340,8900,1971,102,320,,Active,,,http://www.redfin.com/CA/San-Diego/7760-Hillandale-Dr-92120/home/5407679,SDMLS,180052771,N,Y,32.8100141,-117.0653655
MLS Listing,,Single Family Residential,2836 Burgener Blvd,San Diego,CA,92110,749000,2,2.0,Bay Park,1385,,1952,25,541,,Active,,,http://www.redfin.com/CA/San-Diego/2836-Burgener-Blvd-92110/home/5219877,SDMLS,180066539,N,Y,32.7924105,-117.1934491
MLS Listing,,Single Family Residential,8867 Glenhaven St,San Diego,CA,92123,749000,4,2.0,Serra Mesa,2371,8100,1959,112,316,,Active,,,http://www.redfin.com/CA/San-Diego/8867-Glenhaven-St-92123/home/5170948,SDMLS,180050845,N,Y,32.8050821,-117.1372983
MLS Listing,,Single Family Residential,14344 York Ave,Poway,CA,92064,749000,5,3.0,Poway,2200,9065,1977,83,340,,Active,,,http://www.redfin.com/CA/Poway/14344-York-Ave-92064/home/4712488,SDMLS,180056580,N,Y,32.9742147,-117.0393882
MLS Listing,,Single Family Residential,12427 Paseo Colina,Poway,CA,92064,749000,4,2.5,Poway,2147,7100,1974,264,349,,Active,,,http://www.redfin.com/CA/Poway/12427-Paseo-Colina-92064/home/4789981,SDMLS,180018743,N,Y,32.943577,-117.0650424
MLS Listing,,Single Family Residential,3961 Apore St,La Mesa,CA,91941,749000,5,2.0,La Mesa,2115,9500,1967,34,354,,Active,,,http://www.redfin.com/CA/La-Mesa/3961-Apore-St-91941/home/5528211,SDMLS,180064901,N,Y,32.7502476,-117.0358479
MLS Listing,,Single Family Residential,6708 TUXEDO Rd,SAN DIEGO,CA,92119,744900,4,2.5,San Carlos,2359,,1980,171,316,,Active,,,http://www.redfin.com/CA/San-Diego/Undisclosed-address-92119/home/4980669,SDMLS,180038479,N,Y,32.811892,-117.0509744
MLS Listing,,Single Family Residential,8966 Hightail Dr,Santee,CA,92071,739900,4,3.0,Santee,2522,7161,2018,79,293,300,Active,,,http://www.redfin.com/CA/Santee/8966-Hightail-Dr-92071/home/147599987,SDMLS,180057561,N,Y,32.8678728,-116.9970153
MLS Listing,,Single Family Residential,9534 Jeremy St,Santee,CA,92071,739900,4,2.0,Santee,2210,7101,2018,124,335,104,Active,,,http://www.redfin.com/CA/Santee/9534-Jeremy-St-92071/home/144731883,SDMLS,180048383,N,Y,32.8508111,-116.9633713
MLS Listing,,Single Family Residential,7102 Glenflora Ave,San Diego,CA,92119,739000,4,3.0,San Carlos,1898,7800,1964,103,389,,Active,,,http://www.redfin.com/CA/San-Diego/7102-Glenflora-Ave-92119/home/6247488,SDMLS,180052744,N,Y,32.8002807,-117.0431584
MLS Listing,,Single Family Residential,9435 showplace,la mesa,CA,91941,739000,5,2.0,La Mesa,2173,29700,1973,33,340,,Active,,,http://www.redfin.com/CA/La-Mesa/9435-Showplace-Dr-91941/home/5642368,SDMLS,180065072,N,Y,32.7519029,-116.9945549
MLS Listing,,Single Family Residential,2313 Cowley Way,San Diego,CA,92110,735000,3,2.0,Bay Park,1080,9000,1956,50,681,,Active,,,http://www.redfin.com/CA/San-Diego/2313-Cowley-Way-92110/home/5220668,SDMLS,180062907,N,Y,32.7841727,-117.1873385
MLS Listing,,Single Family Residential,4670 Louisiana St,San Diego,CA,92116,729900,2,1.0,University Heights,944,6599,1939,67,773,,Active,,,http://www.redfin.com/CA/San-Diego/4670-Louisiana-St-92116/home/5292504,SDMLS,180059812,N,Y,32.7622689,-117.1403637
MLS Listing,,Single Family Residential,1218 MERRITT Dr,EL CAJON,CA,92020,729900,3,3.0,El Cajon,2204,11761,2013,27,331,,Active,,,http://www.redfin.com/CA/El-Cajon/1218-Merritt-Dr-92020/home/5618196,SDMLS,180066192,N,Y,32.783319,-116.940483
MLS Listing,,Single Family Residential,7995 Bevin,El Cajon,CA,92021,729000,4,2.5,El Cajon,2323,,2016,63,314,,Active,,,http://www.redfin.com/CA/El-Cajon/7995-Bevin-Ln-92021/home/95963461,SDMLS,180060483,N,Y,32.8228104,-116.9383734
MLS Listing,,Single Family Residential,4122 Cole Way,San Diego,CA,92117,729000,3,2.0,Clairemont,1291,7100,1990,53,565,,Active,,,http://www.redfin.com/CA/San-Diego/4122-Cole-Way-92117/home/6236352,SDMLS,180062291,N,Y,32.8414953,-117.2034187
MLS Listing,,Single Family Residential,5638 Baja Dr,San Diego,CA,92115,729000,4,2.5,San Diego,1793,,1957,122,407,,Active,,,http://www.redfin.com/CA/San-Diego/5638-Baja-Dr-92115/home/5465083,SDMLS,180048826,N,Y,32.7668092,-117.0738689
MLS Listing,,Single Family Residential,8434 Lake Gaby,San Diego,CA,92119,729000,4,3.0,San Carlos,2300,,1960,18,317,,Active,,,http://www.redfin.com/CA/San-Diego/8434-Lake-Gaby-Ave-92119/home/5417707,SDMLS,180067397,N,Y,32.8022864,-117.0150185
MLS Listing,,Single Family Residential,3184 NORZEL Dr,SAN DIEGO,CA,92111,729000,4,2.0,Clairemont,1662,7100,1962,52,439,,Active,,,http://www.redfin.com/CA/San-Diego/3184-Norzel-Dr-92111/home/5205740,SDMLS,180062774,N,Y,32.7998577,-117.1837548
MLS Listing,,Single Family Residential,1270 Pepper Dr,El Cajon,CA,92021,729000,4,2.0,El Cajon,1886,16390,1955,80,387,,Active,,,http://www.redfin.com/CA/El-Cajon/1270-Pepper-Dr-92021/home/5063709,SDMLS,180057310,N,Y,32.8211589,-116.9359814
MLS Listing,,Single Family Residential,2314 Murray Ridge Rd,San Diego,CA,92123,728000,4,2.5,Serra Mesa,2000,,1961,61,364,,Active,,,http://www.redfin.com/CA/San-Diego/2314-Murray-Ridge-Rd-92123/home/5226879,SDMLS,180060779,N,Y,32.7877148,-117.1451107
MLS Listing,,Single Family Residential,5935 Warren Pl,La Mesa,CA,91942,724900,4,2.0,La Mesa,1900,15000,1955,35,382,,Active,,,http://www.redfin.com/CA/La-Mesa/5935-Warren-Pl-91942/home/5602300,SDMLS,180064752,N,Y,32.7871443,-117.0233188
MLS Listing,,Single Family Residential,6668 Golfcrest Dr,San Diego,CA,92119,723000,4,3.0,San Carlos,2300,8000,1964,38,314,,Active,,,http://www.redfin.com/CA/San-Diego/6668-Golfcrest-Dr-92119/home/6247691,SDMLS,180064570,N,Y,32.79855,-117.042163
MLS Listing,,Single Family Residential,6757 Bluefield Ct,San Diego,CA,92120,722000,3,2.0,Del Cerro,1773,9000,1969,53,407,,Active,,,http://www.redfin.com/CA/San-Diego/6757-Bluefield-Ct-92120/home/6243764,SDMLS,180062317,N,Y,32.7957759,-117.0566523
MLS Listing,,Single Family Residential,4670 50th St,San Diego,CA,92115,719000,2,2.0,Talmadge,1204,6628,1939,60,597,,Active,,,http://www.redfin.com/CA/San-Diego/4670-50th-St-92115/home/5458764,SDMLS,180060920,N,Y,32.7623621,-117.087016
MLS Listing,,Single Family Residential,13827 Olive Park Pl,Poway,CA,92064,719000,3,2.0,Poway,1580,7100,1973,19,455,,Active,,,http://www.redfin.com/CA/Poway/13827-Olive-Park-Pl-92064/home/4738106,SDMLS,180067231,N,Y,32.9651744,-117.0427676
MLS Listing,,Single Family Residential,7531 ROWENA,San Diego,CA,92119,718900,3,2.0,San Carlos,1740,8986,1973,12,413,,Active,,,http://www.redfin.com/CA/San-Diego/7531-Rowena-St-92119/home/4979325,SDMLS,180067960,N,Y,32.8117076,-117.0452733
MLS Listing,,Single Family Residential,10848 Valiente,San Diego,CA,92124,714900,4,2.0,Tierrasanta,1895,8700,1975,68,377,,Active,,,http://www.redfin.com/CA/San-Diego/10848-Valiente-Ct-92124/home/5403039,SDMLS,180059406,N,Y,32.8212306,-117.0909691
MLS Listing,,Single Family Residential,10307 Orozco Rd,San Diego,CA,92124,712750,4,2.0,Tierrasanta,1539,7400,1972,81,463,,Active,,,http://www.redfin.com/CA/San-Diego/10307-Orozco-Rd-92124/home/4984459,SDMLS,180057012,N,Y,32.8372508,-117.1065972
MLS Listing,,Single Family Residential,4255 Feather Ave,San Diego,CA,92117,710000,3,2.0,Clairemont,1201,11200,1954,28,591,,Active,,,http://www.redfin.com/CA/San-Diego/4255-Feather-Ave-92117/home/5149179,SDMLS,180065893,N,Y,32.819341,-117.2022701
MLS Listing,,Single Family Residential,7015 Schilling Ave,San Diego,CA,92126,700000,3,2.5,Mira Mesa,1460,10311,1990,24,479,50,Active,,,http://www.redfin.com/CA/San-Diego/7015-Schilling-Ave-92126/home/4595742,SDMLS,180066673,N,Y,32.9097371,-117.1692354
MLS Listing,,Single Family Residential,3369 Geddes Dr,San Diego,CA,92117,700000,3,1.5,Clairemont,1052,6600,1956,33,665,,Active,,,http://www.redfin.com/CA/San-Diego/3369-Geddes-Dr-92117/home/4950541,SDMLS,180065170,N,Y,32.8235543,-117.2143984
MLS Listing,,Single Family Residential,7340 Conestoga Ct,San Diego,CA,92120,699999,3,2.0,Del Cerro,1521,,1968,11,460,,Active,,,http://www.redfin.com/CA/San-Diego/7340-Conestoga-Ct-92120/home/5406177,SDMLS,180068119,N,Y,32.803708,-117.0757996
MLS Listing,,Single Family Residential,11869 Hi Ridge Rd,Lakeside,CA,92040,699999,5,3.0,Lakeside,3356,87120,1985,81,209,,Active,,,http://www.redfin.com/CA/Lakeside/11869-Hi-Ridge-Rd-92040/home/4999877,SDMLS,180057088,N,Y,32.895142,-116.936676
MLS Listing,,Single Family Residential,5725 Vinley Pl,San Diego,CA,92120,699900,3,2.0,Del Cerro,1508,9900,1961,27,464,,Active,,,http://www.redfin.com/CA/San-Diego/5725-Vinley-Pl-92120/home/5440428,SDMLS,180066031,N,Y,32.7836694,-117.062284
MLS Listing,,Single Family Residential,7255 Golfcrest Dr,San Diego,CA,92119,699900,3,2.0,San Carlos,1656,9900,1970,1,423,,Active,,,http://www.redfin.com/CA/San-Diego/7255-Golfcrest-Dr-92119/home/4979701,SDMLS,180068789,N,Y,32.8082339,-117.0404143
MLS Listing,,Single Family Residential,6310 lambda Dr,san diego,CA,92120,699000,3,2.0,Del Cerro,1480,8800,1960,33,472,,Active,,,http://www.redfin.com/CA/San-Diego/6310-Lambda-Dr-92120/home/5440229,SDMLS,180065222,N,Y,32.7849665,-117.0617094
MLS Listing,,Single Family Residential,4849 Marguerita Ln,La Mesa,CA,91941,699000,4,3.0,Mount Helix,2266,13202,1940,87,308,,Active,,,http://www.redfin.com/CA/La-Mesa/4849-Marguerita-Ln-91941/home/5628035,SDMLS,180055917,N,Y,32.7671675,-116.9973372
MLS Listing,,Single Family Residential,12815 Iola Way,Poway,CA,92064,699000,4,2.5,Poway,1631,,1969,87,429,,Active,,,http://www.redfin.com/CA/Poway/12815-Iola-Way-92064/home/4773539,SDMLS,180056041,N,Y,32.9504204,-117.0741447
MLS Listing,,Single Family Residential,12272 Winter Gardens Dr,Lakeside,CA,92040,699000,4,3.0,Lakeside,2606,15488,2007,31,268,,Active,,,http://www.redfin.com/CA/Lakeside/12272-Winter-Gardens-Dr-92040/home/12137527,SDMLS,180065599,N,Y,32.8323157,-116.9280922
MLS Listing,,Single Family Residential,9449 Showplace Dr,La Mesa,CA,91941,699000,5,2.0,La Mesa,2032,21100,1973,46,344,,Active,,,http://www.redfin.com/CA/La-Mesa/9449-Showplace-Dr-91941/home/5642373,SDMLS,180063664,N,Y,32.7521747,-116.9939111
MLS Listing,,Single Family Residential,5416 Brunswick Ave,San Diego,CA,92120,699000,3,2.0,San Diego,1662,6500,1956,45,421,,Active,,,http://www.redfin.com/CA/San-Diego/5416-Brunswick-Ave-92120/home/6238851,SDMLS,180063743,N,Y,32.7988079,-117.0751101
MLS Listing,,Single Family Residential,1804 Mission Cliff Dr,San Diego,CA,92116,699000,2,1.0,San Diego,1039,,1947,28,673,,Active,,,http://www.redfin.com/CA/San-Diego/1804-Mission-Cliff-Dr-92116/home/5254558,SDMLS,180065988,N,Y,32.7632498,-117.1462596
MLS Listing,,Single Family Residential,686 Mundy Ter,El Cajon,CA,92020,695000,4,2.5,ELC - El Cajon,2111,9800,1976,10,329,98,Active,,,http://www.redfin.com/CA/El-Cajon/686-Mundy-Ter-92020/home/5593676,CRMLS,SW18295136,N,Y,32.8039802,-116.9836095
MLS Listing,,Single Family Residential,8909 Bowling Green Dr,La Mesa,CA,91941,695000,6,3.5,La Mesa,2790,29620,1930,171,249,,Active,,,http://www.redfin.com/CA/La-Mesa/8909-Bowling-Green-Dr-91941/home/5641300,SDMLS,180038707,N,Y,32.7572206,-117.0052698
MLS Listing,,Single Family Residential,3574 Sandrock Rd,San Diego,CA,92123,690000,4,2.0,Serra Mesa,1469,7300,1959,47,470,,Active,,,http://www.redfin.com/CA/San-Diego/3574-Sandrock-Rd-92123/home/5170379,SDMLS,180063346,N,Y,32.8076055,-117.1404692
MLS Listing,,Single Family Residential,4775 54th St,San Diego,CA,92115,690000,6,3.0,San Diego,2242,7600,1962,209,308,,Active,,,http://www.redfin.com/CA/San-Diego/4775-54th-St-92115/home/5470057,SDMLS,180030245,N,Y,32.7642321,-117.0791554
MLS Listing,,Single Family Residential,7682 Northrup Pl,San Diego,CA,92126,690000,3,2.5,Mira Mesa,1851,,1984,102,373,,Active,,,http://www.redfin.com/CA/San-Diego/7682-Northrup-Pl-92126/home/4858007,SDMLS,180053016,N,Y,32.9021351,-117.1578397
MLS Listing,,Single Family Residential,5442 Limerick Ct,San Diego,CA,92117,690000,3,2.0,Clairemont,1354,6800,1963,19,510,,Active,,,http://www.redfin.com/CA/San-Diego/5442-Limerick-Ct-92117/home/4930725,SDMLS,180067154,N,Y,32.8421824,-117.180194
MLS Listing,,Single Family Residential,4604 Cajon Way,San Diego,CA,92115,689000,3,2.0,San Diego,1488,12000,1940,28,463,,Active,,,http://www.redfin.com/CA/San-Diego/4604-Cajon-Way-92115/home/5466804,SDMLS,180065880,N,Y,32.7607621,-117.0772247
MLS Listing,,Single Family Residential,2204 Dryden Rd,El Cajon,CA,92020,689000,4,3.0,El Cajon,2349,13600,1947,89,293,,Active,,,http://www.redfin.com/CA/El-Cajon/2204-Dryden-Rd-92020/home/5582305,SDMLS,180055429,N,Y,32.7988963,-116.9939111
MLS Listing,,Single Family Residential,5088 67th,San Diego,CA,92115,689000,4,2.0,San Diego,1327,10200,1927,32,519,,Active,,,http://www.redfin.com/CA/San-Diego/5088-67th-St-92115/home/5481295,SDMLS,180065338,N,Y,32.7725317,-117.0538248
MLS Listing,,Single Family Residential,5823 Adobe Falls Rd,San Diego,CA,92120,688000,3,2.0,Del Cerro,1377,8200,1964,52,500,,Active,,,http://www.redfin.com/CA/San-Diego/5823-Adobe-Falls-Rd-92120/home/5437585,SDMLS,180062467,N,Y,32.7822827,-117.073685
MLS Listing,,Single Family Residential,5659 Meredith Ave,San Diego,CA,92120,685000,3,2.0,Del Cerro,1734,9000,1957,52,395,,Active,,,http://www.redfin.com/CA/San-Diego/5659-Meredith-Ave-92120/home/5441083,SDMLS,180062721,N,Y,32.7801363,-117.0576407
MLS Listing,,Single Family Residential,12503 Buckskin Trl,Poway,CA,92064,685000,3,2.0,Poway,1104,,1961,2,620,,Active,,,http://www.redfin.com/CA/Poway/12503-Buckskin-Trl-92064/home/4786336,SDMLS,180068694,N,Y,32.9465559,-117.0594337
MLS Listing,,Single Family Residential,7984 Hillandale Dr,San Diego,CA,92120,685000,3,2.0,Del Cerro,1431,6600,1974,25,479,,Active,,,http://www.redfin.com/CA/San-Diego/7984-Hillandale-Dr-92120/home/5413134,SDMLS,180066475,N,Y,32.8139259,-117.063985
MLS Listing,,Single Family Residential,10433 La Morada Dr,San Diego,CA,92124,685000,4,2.0,Tierrasanta,1525,7600,1973,61,449,,Active,,,http://www.redfin.com/CA/San-Diego/10433-La-Morada-Dr-92124/home/4985540,SDMLS,180060837,N,Y,32.8387972,-117.1024145
MLS Listing,,Single Family Residential,5685 Regis Ave,San Diego,CA,92120,685000,3,2.0,Del Cerro,1786,6900,1957,177,384,,Active,,,http://www.redfin.com/CA/San-Diego/5685-Regis-Ave-92120/home/5441169,SDMLS,180037254,N,Y,32.7801672,-117.0546983
MLS Listing,,Single Family Residential,10143 CARRETA Dr,Santee,CA,92071,682500,5,4.0,Santee,2788,6900,1985,38,245,,Active,,,http://www.redfin.com/CA/Santee/10143-Carreta-Dr-92071/home/5026787,SDMLS,180064510,N,Y,32.8613878,-116.9682483
MLS Listing,,Single Family Residential,6396 Lake Decatur Ave,San Diego,CA,92119,680000,4,2.0,San Carlos,1356,,1961,270,501,,Active,,,http://www.redfin.com/CA/San-Diego/6396-Lake-Decatur-Ave-92119/home/6253049,SDMLS,180017599,N,Y,32.7976034,-117.0263071
MLS Listing,,Single Family Residential,5171 Providence Rd,San Diego,CA,92117,680000,4,2.5,Clairemont,1720,7200,1959,160,395,,Active,,,http://www.redfin.com/CA/San-Diego/5171-Providence-Rd-92117/home/4930386,SDMLS,180040551,N,Y,32.8395261,-117.1994677
MLS Listing,,Single Family Residential,6767 Alamo Ct,La Mesa,CA,91942,679900,4,3.0,La Mesa,1859,8896,1992,79,366,100,Active,,,http://www.redfin.com/CA/La-Mesa/6767-Alamo-Ct-91942/home/5480466,SDMLS,180057593,N,Y,32.75881,-117.0524773
MLS Listing,,Single Family Residential,1879 Carob Tree Ln,El Cajon,CA,92021,679000,4,3.0,El Cajon,2542,,1978,184,267,,Active,,,http://www.redfin.com/CA/El-Cajon/1879-Carob-Tree-Ln-92021/home/5687142,SDMLS,180035863,N,Y,32.8115666,-116.906378
MLS Listing,,Single Family Residential,7392 Volclay Dr,San Diego,CA,92119,679000,4,2.0,San Carlos,1572,11300,1973,124,432,,Active,,,http://www.redfin.com/CA/San-Diego/7392-Volclay-Dr-92119/home/4980527,SDMLS,180048403,N,Y,32.8096133,-117.0416411
MLS Listing,,Single Family Residential,13468 Los Olivos Ave,Poway,CA,92064,679000,4,2.0,Poway,1867,,1969,124,364,,Active,,,http://www.redfin.com/CA/Poway/13468-Los-Olivos-Ave-92064/home/4843931,SDMLS,180048277,N,Y,32.9599483,-117.0187431
MLS Listing,,Single Family Residential,11009 Summit Ave,Santee,CA,92071,675000,4,3.0,Santee,3032,101059,1968,10,223,,Active,,,http://www.redfin.com/CA/Santee/11009-Summit-Ave-92071/home/5004772,SDMLS,180068237,N,Y,32.8769697,-116.9745263
MLS Listing,,Single Family Residential,6209 Del Cerro Blvd,san diego,CA,92120,675000,3,2.0,Del Cerro,1804,,1959,70,374,,Active,,,http://www.redfin.com/CA/San-Diego/6209-Del-Cerro-Blvd-92120/home/5440386,SDMLS,180059093,N,Y,32.7826201,-117.0654791
MLS Listing,,Single Family Residential,4770 Mission Bell Ln,La Mesa,CA,91941,675000,4,2.0,La Mesa,2484,10458,1960,26,272,,Active,,,http://www.redfin.com/CA/La-Mesa/4770-Mission-Bell-Ln-91941/home/5623625,SDMLS,180066225,N,Y,32.7647807,-117.0079801
MLS Listing,,Single Family Residential,3357 Dorchester Dr,San Diego,CA,92123,674900,5,2.0,Serra Mesa,1970,12200,1960,76,343,,Active,,,http://www.redfin.com/CA/San-Diego/3357-Dorchester-Dr-92123/home/5215202,SDMLS,180057875,N,Y,32.8047553,-117.1229679
MLS Listing,,Single Family Residential,4324 Cartagena Dr,San Diego,CA,92115,674900,3,2.0,San Diego,1516,13000,1951,11,445,,Active,,,http://www.redfin.com/CA/San-Diego/4324-Cartagena-Dr-92115/home/5516191,SDMLS,180068097,N,Y,32.7558833,-117.0636172
MLS Listing,,Single Family Residential,9469 Grossmont Blvd,La Mesa,CA,91941,670000,3,3.0,La Mesa,1802,18394,1948,59,372,,Active,,,http://www.redfin.com/CA/La-Mesa/9469-Grossmont-Blvd-91941/home/5606189,SDMLS,180061475,N,Y,32.7780259,-116.9932213
MLS Listing,,Single Family Residential,5343 Sunglow Ct,San Diego,CA,92117,670000,4,2.5,Clairemont,1644,6882,1982,71,408,,Active,,,http://www.redfin.com/CA/San-Diego/5343-Sunglow-Ct-92117/home/4929405,SDMLS,180059025,N,Y,32.8409139,-117.1759439
MLS Listing,,Single Family Residential,9055 Amberly Cir,San Diego,CA,92126,669900,3,2.0,Mira Mesa,1764,6500,1973,5,380,,Active,,,http://www.redfin.com/CA/San-Diego/9055-Amberly-Cir-92126/home/4799918,SDMLS,180068454,N,Y,32.9199063,-117.1299451
MLS Listing,,Single Family Residential,5228 Gary St,San Diego,CA,92115,669000,3,2.5,San Diego,1640,13300,1952,24,408,,Active,,,http://www.redfin.com/CA/San-Diego/5228-Gary-St-92115/home/5441803,SDMLS,180066796,N,Y,32.773934,-117.0602612
MLS Listing,,Single Family Residential,13761 Tobiasson Rd,Poway,CA,92064,669000,3,2.0,Poway,1516,8400,1959,60,441,,Active,,,http://www.redfin.com/CA/Poway/13761-Tobiasson-Rd-92064/home/4783879,SDMLS,180061024,N,Y,32.9642571,-117.0597258
MLS Listing,,Single Family Residential,5624 Red River Dr,San Diego,CA,92120,665000,5,3.0,SD - San Diego,1810,18500,1965,88,367,,Active,,,http://www.redfin.com/CA/San-Diego/5624-Red-River-Dr-92120/home/5405536,CRMLS,SW18241940,N,Y,32.8050216,-117.0722599
MLS Listing,,Single Family Residential,4372 Tecumseh Way,San Diego,CA,92117,665000,3,2.0,Clairemont,1149,6800,1954,40,579,,Active,,,http://www.redfin.com/CA/San-Diego/4372-Tecumseh-Way-92117/home/4956734,SDMLS,180064443,N,Y,32.8287935,-117.1990206
MLS Listing,,Single Family Residential,5043 Bancroft,La Mesa,CA,91941,665000,3,2.5,Mount Helix,1804,9749,1948,73,369,,Active,,,http://www.redfin.com/CA/La-Mesa/5043-Bancroft-Dr-91941/home/5626948,SDMLS,180058604,N,Y,32.7706223,-117.0011081
MLS Listing,,Single Family Residential,6260 Cabaret St,San Diego,CA,92120,659900,3,2.0,San Carlos,1304,,1972,171,506,,Active,,,http://www.redfin.com/CA/San-Diego/6260-Cabaret-St-92120/home/5408606,SDMLS,180038507,N,Y,32.8059096,-117.0551121
MLS Listing,,Single Family Residential,1428 N 1ST St,EL CAJON,CA,92021,659900,2,1.0,El Cajon,640,25674,1940,102,1031,,Active,,,http://www.redfin.com/CA/El-Cajon/1428-N-1st-St-92021/home/5571054,SDMLS,180052838,N,Y,32.8150369,-116.945519
MLS Listing,,Single Family Residential,4574 44th St,San Diego,CA,92115,659500,3,2.0,Talmadge,813,,1939,122,811,,Active,,,http://www.redfin.com/CA/San-Diego/4574-44th-St-92115/home/5458897,SDMLS,180049031,N,Y,32.7607483,-117.0985075
MLS Listing,,Single Family Residential,2451 Haller St,San Diego,CA,92104,659000,3,2.0,North Park,1222,11127,1980,109,539,,Active,,,http://www.redfin.com/CA/San-Diego/2451-Haller-St-92104/home/5399112,SDMLS,180051579,N,Y,32.7321988,-117.1133766
MLS Listing,,Single Family Residential,11606 Johnson Lake Rd,Lakeside,CA,92040,659000,4,2.0,Lakeside,2407,50965,1973,84,274,,Active,,,http://www.redfin.com/CA/Lakeside/11606-Johnson-Lake-Rd-92040/home/4999842,SDMLS,180056350,N,Y,32.8943486,-116.9452503
MLS Listing,,Single Family Residential,221 2nd Ave,Chula Vista,CA,91910,650000,5,3.0,Chula Vista,2487,11700,1894,87,261,,Active,,,http://www.redfin.com/CA/Chula-Vista/221-2nd-Ave-91910/home/5954870,SDMLS,180055988,Y,Y,32.6451989,-117.0765351
MLS Listing,,Single Family Residential,227 E Paisley St,Chula Vista,CA,91911,650000,6,3.0,Chula Vista,1791,,1961,97,363,,Active,,,http://www.redfin.com/CA/Chula-Vista/227-E-Paisley-St-91911/home/6124634,SDMLS,180053813,N,Y,32.6124596,-117.0453193
MLS Listing,,Single Family Residential,13078 Tuscarora Dr,Poway,CA,92064,650000,3,2.0,Poway,1291,23200,1972,21,503,,Active,,,http://www.redfin.com/CA/Poway/13078-Tuscarora-Dr-92064/home/4789746,SDMLS,180066936,N,Y,32.9597761,-117.0466067
MLS Listing,,Single Family Residential,5560 San Miguel Rd,Bonita,CA,91902,650000,3,3.0,Bonita,2514,51400,1966,161,259,,Active,,,http://www.redfin.com/CA/Bonita/5560-San-Miguel-Rd-91902/home/6064583,SDMLS,180040506,N,Y,32.6753023,-117.0121215
MLS Listing,,Single Family Residential,806 Crosspoint Ct,San Diego,CA,92114,650000,6,4.0,San Diego,2985,13320,1991,114,218,,Active,,,http://www.redfin.com/CA/San-Diego/806-Crosspoint-Ct-92114/home/6010242,SDMLS,180050510,N,Y,32.7128765,-117.0369744
MLS Listing,,Single Family Residential,6658 Appert Ct,San Diego,CA,92111,649900,3,1.0,Linda Vista,932,,1942,1,697,,Active,,,http://www.redfin.com/CA/San-Diego/Appert-Ct-92111/home/5223012,SDMLS,180068761,N,Y,32.7938507,-117.1743816
MLS Listing,,Single Family Residential,5344 CAPRIOLE Ct,Bonita,CA,91902,649900,3,2.0,Bonita,1788,7550,1987,5,363,125,Active,January-6-2019 01:00 PM,January-6-2019 04:00 PM,http://www.redfin.com/CA/Bonita/5344-Capriole-Ct-91902/home/6082737,SDMLS,180068428,N,Y,32.6644617,-117.0140988
MLS Listing,,Single Family Residential,11610 Johnson Lake Rd,Lakeside,CA,92040,649900,4,2.0,Lakeside,2630,49222,1973,21,247,,Active,,,http://www.redfin.com/CA/Lakeside/11610-Johnson-Lake-Rd-92040/home/4999957,SDMLS,180066899,N,Y,32.8959635,-116.9464692
MLS Listing,,Single Family Residential,7935 Cinnabar Dr,La Mesa,CA,91941,649800,3,2.0,La Mesa,1575,7300,1958,35,413,,Active,,,http://www.redfin.com/CA/La-Mesa/7935-Cinnabar-Dr-91941/home/5528338,SDMLS,180064828,N,Y,32.7562145,-117.0263301
MLS Listing,,Single Family Residential,12611 MUSTANG Dr,POWAY,CA,92064,649500,4,2.0,Poway,1440,,1961,5,451,,Active,,,http://www.redfin.com/CA/Poway/12611-Mustang-Dr-92064/home/4786418,SDMLS,180068429,N,Y,32.945267,-117.0620771
MLS Listing,,Single Family Residential,47 Palomar Dr,Chula Vista,CA,91911,649000,4,3.0,Chula Vista,2532,,1953,128,256,,Active,,,http://www.redfin.com/CA/Chula-Vista/47-Palomar-Dr-91911/home/5981572,SDMLS,180047822,N,Y,32.6245461,-117.0619622
MLS Listing,,Single Family Residential,3855 Bonita Mesa Rd,Bonita,CA,91902,649000,3,2.0,Bonita,1693,24394,1954,77,383,,Active,,,http://www.redfin.com/CA/Bonita/3855-Bonita-Mesa-Rd-91902/home/5959782,SDMLS,180057419,N,Y,32.6520378,-117.0638011
MLS Listing,,Single Family Residential,4745 Mount Cresti,San Diego,CA,92117,649000,4,2.0,Clairemont,1228,9100,1963,19,529,,Active,,,http://www.redfin.com/CA/San-Diego/4745-Mt-Cresti-Dr-92117/home/4962709,SDMLS,180067191,N,Y,32.8322361,-117.1896817
MLS Listing,,Single Family Residential,2060 Falmouth Dr,El Cajon,CA,92020,649000,4,2.0,El Cajon,1712,,1959,12,379,,Active,,,http://www.redfin.com/CA/El-Cajon/2060-Falmouth-Dr-92020/home/5582273,SDMLS,180068011,N,Y,32.797118,-116.9920716
MLS Listing,,Single Family Residential,7210 Barker Way,San Diego,CA,92119,645000,4,2.0,San Carlos,2110,14415,1980,82,306,,Active,,,http://www.redfin.com/CA/San-Diego/7210-Barker-Way-92119/home/5423886,SDMLS,180056837,N,Y,32.8129763,-117.0185592
MLS Listing,,Single Family Residential,9550 Cypress St,Lakeside,CA,92040,645000,5,2.5,Lakeside,2100,,1973,22,307,,Active,,,http://www.redfin.com/CA/Lakeside/9550-Cypress-St-92040/home/5073683,SDMLS,180066871,N,Y,32.8532316,-116.9130489
MLS Listing,,Single Family Residential,406 CAMINO ELEVADO,Bonita,CA,91902,644900,3,2.5,Bonita,2044,7904,1977,80,316,,Active,,,http://www.redfin.com/CA/Bonita/406-Camino-Elevado-91902/home/6444958,SDMLS,180057250,N,Y,32.6546275,-117.0171107
MLS Listing,,Single Family Residential,5551 Nokomis St,La Mesa,CA,91942,639990,3,2.0,La Mesa,1409,15196,1974,50,454,,Active,,,http://www.redfin.com/CA/La-Mesa/5551-Nokomis-St-91942/home/5605128,SDMLS,180062890,N,Y,32.7803894,-116.9999354
MLS Listing,,Single Family Residential,5139 Ewing St,San diego,CA,92115,639900,4,2.0,San Diego,1404,,1951,54,456,,Active,,,http://www.redfin.com/CA/San-Diego/5139-Ewing-St-92115/home/5470813,SDMLS,180061989,N,Y,32.7713912,-117.0613646
MLS Listing,,Single Family Residential,102 N Westwind Dr,El Cajon,CA,92020,639900,4,2.5,El Cajon,2120,11200,1975,32,302,,Active,,,http://www.redfin.com/CA/El-Cajon/102-N-Westwind-Dr-92020/home/5583309,SDMLS,180065261,N,Y,32.7951061,-116.9870128
MLS Listing,,Single Family Residential,6870 Saranac St,San Diego,CA,92115,639000,3,2.0,San Diego,1316,7800,1947,24,486,,Active,January-5-2019 01:30 PM,January-5-2019 04:30 PM,http://www.redfin.com/CA/San-Diego/6870-Saranac-St-92115/home/5477720,SDMLS,180066725,N,Y,32.770926126,-117.0500417
MLS Listing,,Single Family Residential,8577 Paseo De Los Castillos,Santee,CA,92071,639000,3,2.0,Santee,1757,13281,2004,18,364,,Active,,,http://www.redfin.com/CA/Santee/8577-Paseo-De-Los-Castillos-92071/home/6684573,SDMLS,180067367,N,Y,32.82995,-116.989328
MLS Listing,,Single Family Residential,150 Croydon Ln,EL Cajon,CA,92020,639000,3,2.0,El Cajon,1690,,1963,52,378,,Active,,,http://www.redfin.com/CA/El-Cajon/150-Croydon-Ln-92020/home/5582669,SDMLS,180062542,N,Y,32.7959573,-116.9907379
MLS Listing,,Single Family Residential,14949 Cinchring Dr,Poway,CA,92064,635000,4,2.0,Poway,1730,7394,1977,34,367,,Active,,,http://www.redfin.com/CA/Poway/14949-Cinchring-Dr-92064/home/4847024,SDMLS,180064899,N,Y,32.9568629,-117.0074771
MLS Listing,,Single Family Residential,4400 Upland St,La Mesa,CA,91941,634900,4,3.0,La Mesa,1849,11220,1955,46,343,,Active,,,http://www.redfin.com/CA/La-Mesa/4400-Upland-St-91941/home/5624229,SDMLS,180063496,N,Y,32.7590717,-117.0137295
MLS Listing,,Single Family Residential,9259 Carthay Cir,Spring Valley,CA,91977,633900,3,2.0,Spring Valley,1837,,1950,81,345,,Active,,,http://www.redfin.com/CA/Spring-Valley/9259-Carthay-Cir-91977/home/5643015,SDMLS,180057072,N,Y,32.7528244,-116.9974521
MLS Listing,,Single Family Residential,7988 El Capitan Dr,La Mesa,CA,91942,629999,4,2.0,La Mesa,1400,9561,1934,46,450,,Active,,,http://www.redfin.com/CA/La-Mesa/7988-El-Capitan-Dr-91942/home/5488309,SDMLS,180063432,N,Y,32.7685494,-117.0261462
MLS Listing,,Single Family Residential,1204 Dawnridge Ave,El Cajon,CA,92021,629990,6,4.0,El Cajon,2500,11400,1970,55,252,,Active,,,http://www.redfin.com/CA/El-Cajon/1204-Dawnridge-Ave-92021/home/5571235,SDMLS,180061810,N,Y,32.8166629,-116.9401444
MLS Listing,,Single Family Residential,1601 Cliffdale,El Cajon,CA,92020,629900,4,2.5,El Cajon,1925,,1966,59,327,,Active,,,http://www.redfin.com/CA/El-Cajon/1601-Cliffdale-Rd-92020/home/6285453,SDMLS,180061248,N,Y,32.8074914,-116.9846673
MLS Listing,,Single Family Residential,3533 Armstrong St,San Diego,CA,92111,629800,3,2.0,Clairemont,1403,7200,1957,45,449,,Active,,,http://www.redfin.com/CA/San-Diego/3533-Armstrong-St-92111/home/5166155,SDMLS,180063756,N,Y,32.8084622,-117.1614262
MLS Listing,,Single Family Residential,5088 Glen St,La Mesa,CA,91942,629000,4,2.0,La Mesa,1647,6501,1940,26,382,,Active,,,http://www.redfin.com/CA/La-Mesa/5088-Glen-St-91942/home/6430678,SDMLS,180066318,N,Y,32.771711,-117.0100285
MLS Listing,,Single Family Residential,14027 Eastern St,Poway,CA,92064,629000,4,2.0,Poway,1261,13607,1972,46,499,,Active,,,http://www.redfin.com/CA/Poway/14027-Eastern-St-92064/home/4720593,SDMLS,180063492,N,Y,32.9681403,-117.0323995
MLS Listing,,Single Family Residential,3569 Tomahawk Ln,San Diego,CA,92117,625000,4,1.0,Clairemont,1336,,1954,3,468,,Active,,,http://www.redfin.com/CA/San-Diego/3569-Tomahawk-Ln-92117/home/5195542,SDMLS,180068632,N,Y,32.8056576,-117.1966192
MLS Listing,,Single Family Residential,5261 Velma Ter,San Diego,CA,92114,625000,5,3.0,San Diego,3330,6800,1964,59,188,,Active,,,http://www.redfin.com/CA/San-Diego/5261-Velma-Ter-92114/home/5876033,SDMLS,180061202,N,Y,32.7013231,-117.081178
MLS Listing,,Single Family Residential,13840 TOBIASSON Rd,POWAY,CA,92064,624995,4,2.0,Poway,1653,7000,1959,4,378,,Active,,,http://www.redfin.com/CA/Poway/13840-Tobiasson-Rd-92064/home/6399786,SDMLS,180068501,N,Y,32.9656062,-117.0602315
MLS Listing,,Single Family Residential,8030 El Paso St,La Mesa,CA,91942,624900,4,3.0,La Mesa,1749,7400,1960,13,357,,Active,,,http://www.redfin.com/CA/La-Mesa/8030-El-Paso-St-91942/home/6250745,SDMLS,180067915,N,Y,32.7905317,-117.0246748
MLS Listing,,Single Family Residential,681 Hilltop Dr,Chula Vista,CA,91910,624000,4,3.0,Chula Vista,2238,7000,1960,77,279,,Active,,,http://www.redfin.com/CA/Chula-Vista/681-Hilltop-Dr-91910/home/5979084,SDMLS,180057830,N,Y,32.6316361,-117.062238
MLS Listing,,Single Family Residential,6850 LANEWOOD Ct,San Diego,CA,92111,619900,3,1.5,Kearny Mesa,1258,,1963,75,493,,Active,,,http://www.redfin.com/CA/San-Diego/6850-Lanewood-Ct-92111/home/5170154,SDMLS,180058188,N,Y,32.8103531,-117.1706139
MLS Listing,,Single Family Residential,7230 Juliette Pl,La Mesa,CA,91942,619000,3,2.0,La Mesa,1529,6628,1940,18,405,,Active,,,http://www.redfin.com/CA/La-Mesa/7230-Juliette-Pl-91942/home/12156425,SDMLS,180067355,N,Y,32.7666208,-117.0415722
MLS Listing,,Single Family Residential,6125 Avenorra,La Mesa,CA,91942,619000,4,2.0,La Mesa,1458,,1959,7,425,,Active,,,http://www.redfin.com/CA/La-Mesa/6125-Avenorra-Dr-91942/home/6245923,SDMLS,180068368,N,Y,32.7893872,-117.0297786
MLS Listing,,Single Family Residential,8375 Dube Ct,Santee,CA,92071,619000,5,2.0,Santee,1795,10700,1973,99,345,,Active,,,http://www.redfin.com/CA/Santee/8375-Dube-Ct-92071/home/5044806,SDMLS,180053538,N,Y,32.8435072,-117.0198697
MLS Listing,,Single Family Residential,1787 Grossmont View Dr,El Cajon,CA,92020,619000,4,2.0,El Cajon,2056,17860,1965,80,301,,Active,,,http://www.redfin.com/CA/El-Cajon/1787-Grossmont-View-Dr-92020/home/5581979,SDMLS,180057464,N,Y,32.7909571,-116.9877558
MLS Listing,,Single Family Residential,1597 Zephyr Ave,El Cajon,CA,92021,614900,4,3.0,El Cajon,1946,6592,1987,153,316,,Active,,,http://www.redfin.com/CA/El-Cajon/1597-Zephyr-Ave-92021/home/5683797,SDMLS,180042062,N,Y,32.8165118,-116.9226178
MLS Listing,,Single Family Residential,1481 Country Crest Dr,El Cajon,CA,92021,614900,4,2.0,El Cajon,2355,13200,1959,45,261,,Active,,,http://www.redfin.com/CA/El-Cajon/1481-Country-Crest-Dr-92021/home/5684051,SDMLS,180063853,N,Y,32.8154574,-116.9185235
MLS Listing,,Single Family Residential,4650 Shoshoni Ave,San Diego,CA,92117,610000,3,2.0,Clairemont,1265,,1955,10,482,,Active,,,http://www.redfin.com/CA/San-Diego/4650-Shoshoni-Ave-92117/home/4956814,SDMLS,180068171,N,Y,32.8302706,-117.1937248
MLS Listing,,Single Family Residential,13909 Powers Rd,Poway,CA,92064,609000,3,2.0,Poway,1131,,1959,24,538,,Active,,,http://www.redfin.com/CA/Poway/13909-Powers-Rd-92064/home/4711563,SDMLS,180066657,N,Y,32.9665411,-117.0616404
MLS Listing,,Single Family Residential,14001 Powers Rd,Poway,CA,92064,609000,4,2.0,Poway,1775,8800,1959,43,343,,Active,,,http://www.redfin.com/CA/Poway/14001-Powers-Rd-92064/home/4711618,SDMLS,180064056,N,Y,32.9682633,-117.0615944
MLS Listing,,Single Family Residential,3840 Conrad Ave,San Diego,CA,92117,605000,3,2.0,Clairemont,1032,7200,1957,87,586,,Active,,,http://www.redfin.com/CA/San-Diego/3840-Conrad-Ave-92117/home/6237457,SDMLS,180056094,N,Y,32.8355723,-117.2052104
MLS Listing,,Single Family Residential,2727 Palm Ln,Lemon Grove,CA,91945,599900,3,2.0,Lemon Grove,1832,40100,1958,19,327,,Active,,,http://www.redfin.com/CA/Lemon-Grove/2727-Palm-Ln-91945/home/5662595,SDMLS,180067261,N,Y,32.7354272,-117.0204215
MLS Listing,,Single Family Residential,823 Lori Ln,Chula Vista,CA,91910,599900,5,3.0,Chula Vista,1994,7600,1967,23,301,,Active,,,http://www.redfin.com/CA/Chula-Vista/823-Lori-Ln-91910/home/6189372,SDMLS,180066827,N,Y,32.633479,-117.0363077
MLS Listing,,Single Family Residential,4051 Clairemont Dr,San Diego,CA,92117,599900,3,1.0,Clairemont,1152,8100,1954,17,521,,Active,,,http://www.redfin.com/CA/San-Diego/4051-Clairemont-Dr-92117/home/5150096,SDMLS,180067427,N,Y,32.8144724,-117.2006851
MLS Listing,,Single Family Residential,5665 Severin Dr,La Mesa,CA,91942,599900,4,2.0,La Mesa,1661,,1959,68,361,,Active,,,http://www.redfin.com/CA/La-Mesa/5665-Severin-Dr-91942/home/5588421,SDMLS,180059478,N,Y,32.7817662,-116.9969923
MLS Listing,,Single Family Residential,12119 Serena Rd,Lakeside,CA,92040,599900,3,2.5,Lakeside,2048,,1980,84,293,,Active,,,http://www.redfin.com/CA/Lakeside/12119-Serena-Rd-92040/home/5002007,SDMLS,180056414,N,Y,32.876215,-116.930984
MLS Listing,,Single Family Residential,2943 Mobley St,San Diego,CA,92123,599800,3,2.0,Serra Mesa,1100,8000,1961,19,545,,Active,,,http://www.redfin.com/CA/San-Diego/2943-Mobley-St-92123/home/5214759,SDMLS,180067174,N,Y,32.7969459,-117.1352762
MLS Listing,,Single Family Residential,4320 Marraco Dr,San Diego,CA,92115,599000,4,2.0,San Diego,2210,6600,1953,52,271,,Active,,,http://www.redfin.com/CA/San-Diego/4320-Marraco-Dr-92115/home/5515430,SDMLS,180062667,N,Y,32.7564777,-117.0594796
New Construction Home,,Single Family Residential,Residence 1,El Cajon,CA,92020,599000,4,2.5,Bostonia Estates,2282,,2018,149,262,,Active,,,http://www.redfin.com/CA/El-Cajon/863-S-Mollison-Ave-92020/home/5617621,NewHomeSource.com,1484738,N,Y,32.784442,-116.950536
MLS Listing,,Single Family Residential,1093 Greta St,El Cajon,CA,92021,599000,4,2.0,El Cajon,2012,13939,1959,82,298,,Active,,,http://www.redfin.com/CA/El-Cajon/1093-Greta-St-92021/home/5064698,SDMLS,180056814,N,Y,32.8171694,-116.9448363
MLS Listing,,Single Family Residential,7918 Topaz Lake Ave,San Diego,CA,92119,599000,3,2.0,San Carlos,1537,,1962,70,390,,Active,,,http://www.redfin.com/CA/San-Diego/7918-Topaz-Lake-Ave-92119/home/6253216,SDMLS,180059127,N,Y,32.7945415,-117.0278015
MLS Listing,,Single Family Residential,2909 Epaulette St,San Diego,CA,92123,599000,3,2.0,Mission Village,1473,6500,1959,115,407,,Active,,,http://www.redfin.com/CA/San-Diego/2909-Epaulette-St-92123/home/5213130,SDMLS,180050400,N,Y,32.7964715,-117.1285664
MLS Listing,,Single Family Residential,11715 Moreno Ave,Lakeside,CA,92040,599000,3,2.0,Lakeside,1530,43560,1959,14,392,,Active,,,http://www.redfin.com/CA/Lakeside/11715-Moreno-Ave-92040/home/4999919,SDMLS,180067774,N,Y,32.8905478,-116.9262521
MLS Listing,,Single Family Residential,3493 Angwin,San Diego,CA,92123,598800,4,2.0,Serra Mesa,1298,,1960,17,461,,Active,,,http://www.redfin.com/CA/San-Diego/3493-Angwin-Dr-92123/home/5171538,SDMLS,180067494,N,Y,32.805687,-117.1263518
MLS Listing,,Single Family Residential,12508 Robison Blvd,Poway,CA,92064,595000,3,2.0,Poway,1252,8000,1969,35,475,,Active,,,http://www.redfin.com/CA/Poway/12508-Robison-Blvd-92064/home/4788499,SDMLS,180064809,N,Y,32.9566443,-117.0593417
MLS Listing,,Single Family Residential,727 Live Oak Dr,El Cajon,CA,92020,595000,3,2.0,El Cajon,1410,,1952,98,422,,Active,,,http://www.redfin.com/CA/El-Cajon/727-Live-Oak-Dr-92020/home/5591987,SDMLS,180053594,N,Y,32.7863474,-116.9822528
MLS Listing,,Single Family Residential,6890 Mewall Dr,San Diego,CA,92119,595000,4,2.0,San Carlos,1529,,1971,58,389,,Active,,,http://www.redfin.com/CA/San-Diego/6890-Mewall-Dr-92119/home/5426429,SDMLS,180061561,N,Y,32.8079779,-117.0069913
MLS Listing,,Single Family Residential,4215 Saginaw Ave,Clairemont,CA,92117,594000,2,1.0,Clairemont,780,6600,1958,60,762,,Active,,,http://www.redfin.com/CA/San-Diego/4215-Saginaw-Ave-92117/home/4956937,SDMLS,180060924,N,Y,32.8270251,-117.2005053
MLS Listing,,Single Family Residential,1555 Jasper Ave,Chula Vista,CA,91911,590000,5,3.5,Chula Vista,2197,7100,1968,102,269,,Active,,,http://www.redfin.com/CA/Chula-Vista/1555-Jasper-Ave-91911/home/6132105,SDMLS,180052816,N,Y,32.5987852,-117.0503307
MLS Listing,,Single Family Residential,1535 Clarke Dr,El Cajon,CA,92021,589000,4,2.0,El Cajon,1757,7000,1961,17,335,,Active,,,http://www.redfin.com/CA/El-Cajon/1535-Clarke-Dr-92021/home/5686111,SDMLS,180067469,N,Y,32.8156605,-116.9262981
MLS Listing,,Single Family Residential,14601 Aldrin St,Poway,CA,92064,589000,3,2.0,Poway,1541,6700,1971,21,382,,Active,,,http://www.redfin.com/CA/Poway/14601-Aldrin-St-92064/home/4844536,SDMLS,180066953,N,Y,32.9564228,-117.0140988
MLS Listing,,Single Family Residential,2 Tamarindo Way,Chula Vista,CA,91911,585000,4,3.0,Chula Vista,1870,8255,2014,68,313,111,Active,,,http://www.redfin.com/CA/Chula-Vista/2-Tamarindo-Way-91911/home/87700233,SDMLS,180059575,N,Y,32.5986206,-117.0517904
MLS Listing,,Single Family Residential,90 E Fortuna St,Chula Vista,CA,91911,585000,3,2.0,Chula Vista,1305,9500,1955,26,448,,Active,,,http://www.redfin.com/CA/Chula-Vista/90-E-Fortuna-St-91911/home/5982729,SDMLS,180066231,N,Y,32.6241584,-117.0555259
MLS Listing,,Single Family Residential,6303 Budlong Lake Ave,San Diego,CA,92119,584900,3,1.5,San Diego,1587,,1960,106,369,,Active,,,http://www.redfin.com/CA/San-Diego/6303-Budlong-Lake-Ave-92119/home/6251703,SDMLS,180052127,N,Y,32.7947815,-117.0213181
MLS Listing,,Single Family Residential,4312 Beverly Dr,La Mesa,CA,91941,580000,3,2.0,San Diego,1550,6664,1964,60,374,,Active,,,http://www.redfin.com/CA/La-Mesa/4312-Beverly-Dr-91941/home/5492568,SDMLS,180061039,N,Y,32.7577846,-117.0204445
MLS Listing,,Single Family Residential,9420 Carlton Hills Blvd,Santee,CA,92071,580000,4,2.5,Santee,2026,6534,1960,104,286,,Active,,,http://www.redfin.com/CA/Santee/9420-Carlton-Hills-Blvd-92071/home/5015165,SDMLS,180052396,N,Y,32.848016,-116.9983489
MLS Listing,,Single Family Residential,1435 Marl Ct,Chula Vista,CA,91911,579900,5,2.5,Chula Vista,1936,,1967,19,300,,Active,,,http://www.redfin.com/CA/Chula-Vista/1435-Marl-Ct-91911/home/6126618,SDMLS,180067181,N,Y,32.6074518,-117.0408135
MLS Listing,,Single Family Residential,737 Carlow Ct,El Cajon,CA,92020,579900,3,2.0,El Cajon,1331,,1958,19,436,,Active,,,http://www.redfin.com/CA/El-Cajon/737-Carlow-Ct-92020/home/5560588,SDMLS,180067271,N,Y,32.8043851,-116.9992916
MLS Listing,,Single Family Residential,386 Tyrone St,El Cajon,CA,92020,579900,4,3.0,El Cajon,1503,,1951,12,386,,Active,,,http://www.redfin.com/CA/El-Cajon/386-Tyrone-St-92020/home/5583029,SDMLS,180068023,N,Y,32.799088,-116.9879786
MLS Listing,,Single Family Residential,13265 Vista View Ct,Poway,CA,92064,579000,3,2.0,Poway,980,7699,1988,188,591,,Active,,,http://www.redfin.com/CA/Poway/13265-Vista-View-Ct-92064/home/4843125,SDMLS,180034773,N,Y,32.9569876,-117.0309254
MLS Listing,,Single Family Residential,650 Mariposa Cir,Chula Vista,CA,91911,579000,3,2.0,Chula Vista,1390,10700,1970,18,417,,Active,,,http://www.redfin.com/CA/Chula-Vista/650-Mariposa-Cir-91911/home/6193109,SDMLS,180067409,N,Y,32.6255736,-117.035664
MLS Listing,,Single Family Residential,804 Plaza Flora,Chula Vista,CA,91910,579000,4,2.0,Chula Vista,1709,10700,1977,56,339,,Active,,,http://www.redfin.com/CA/Chula-Vista/804-Plaza-Flora-91910/home/6193660,SDMLS,180061350,N,Y,32.630541,-117.049687
MLS Listing,,Single Family Residential,5941 Dugan Ave,La Mesa,CA,91942,578000,4,2.0,La Mesa,1247,7800,1955,53,464,,Active,,,http://www.redfin.com/CA/La-Mesa/5941-Dugan-Ave-91942/home/5602333,SDMLS,180062225,N,Y,32.7873126,-117.0215446
MLS Listing,,Single Family Residential,8336 Merrill Dr,Lakeside,CA,92040,575750,3,2.0,Lakeside,1460,15352,1970,89,394,,Active,,,http://www.redfin.com/CA/Lakeside/8336-Merrill-Dr-92040/home/5097736,SDMLS,180055311,N,Y,32.827518,-116.9307373
MLS Listing,,Single Family Residential,13515 Mora Cir,Poway,CA,92064,575000,3,2.0,Poway,1358,7000,1970,36,423,,Active,,,http://www.redfin.com/CA/Poway/13515-Mora-Cir-92064/home/4844409,SDMLS,180064724,N,Y,32.9611031,-117.0157082
MLS Listing,,Single Family Residential,9588 Ronda Ave,San Diego,CA,92123,575000,3,2.0,Serra Mesa,1000,7700,1960,12,575,,Active,,,http://www.redfin.com/CA/San-Diego/9588-Ronda-Ave-92123/home/5214457,SDMLS,180068002,N,Y,32.7938172,-117.1179038
MLS Listing,,Single Family Residential,5933 Edgewater St,San Diego,CA,92139,575000,5,2.0,San Diego,2207,9100,1947,298,261,,Active,,,http://www.redfin.com/CA/San-Diego/5933-Edgewater-St-92139/home/6044997,SDMLS,180012232,N,Y,32.6748357,-117.0618013
MLS Listing,,Single Family Residential,7305 Fulwood Ln,San Diego,CA,92111,570000,4,2.0,Linda Vista,1639,7400,1968,132,348,,Active,,,http://www.redfin.com/CA/San-Diego/7305-Fulwood-Ln-92111/home/5226310,SDMLS,180046826,N,Y,32.7887779,-117.1643188
MLS Listing,,Single Family Residential,1451 Murray Ave,El  Cajon,CA,92020,570000,2,2.0,El Cajon,1364,,1941,45,418,,Active,,,http://www.redfin.com/CA/El-Cajon/1451-Murray-Ave-92020/home/5592319,SDMLS,180063800,N,Y,32.7919087,-116.9824169
MLS Listing,,Single Family Residential,8920 LAKEVIEW Rd,LAKESIDE,CA,92040,569995,4,2.0,Lakeside,2084,13400,1963,4,274,,Active,,,http://www.redfin.com/CA/Lakeside/8920-Lakeview-Rd-92040/home/5086937,SDMLS,180068502,N,Y,32.8378424,-116.905964
MLS Listing,,Single Family Residential,156 River Rock Ct,Santee,CA,92071,569900,4,2.5,Santee,1680,213418,1998,61,339,130,Active,,,http://www.redfin.com/CA/Santee/156-River-Rock-Ct-92071/home/5036443,SDMLS,180060833,N,Y,32.8458374,-116.9894722
MLS Listing,,Single Family Residential,7177 Horner St,San Diego,CA,92120,569900,4,1.5,Del Cerro,1557,,1957,53,366,,Active,,,http://www.redfin.com/CA/San-Diego/7177-Horner-St-92120/home/6240374,SDMLS,180062385,N,Y,32.7954764,-117.0660997
MLS Listing,,Single Family Residential,429 Westby St,Chula Vista,CA,91911,569000,5,2.0,Chula Vista,2600,7076,1970,124,219,,Active,,,http://www.redfin.com/CA/Chula-Vista/429-Westby-St-91911/home/6116208,SDMLS,180048401,N,Y,32.618053,-117.076869
MLS Listing,,Single Family Residential,4525 70th St,La Mesa,CA,91942,569000,3,2.0,La Mesa,1572,7300,1953,11,362,,Active,,,http://www.redfin.com/CA/La-Mesa/4525-70th-St-91942/home/5485099,SDMLS,180068089,N,Y,32.7612551,-117.0466526
MLS Listing,,Single Family Residential,9206 Lamar St,Spring Valley,CA,91977,569000,4,3.0,Spring Valley,1544,17860,1975,27,369,,Active,,,http://www.redfin.com/CA/Spring-Valley/9206-Lamar-St-91977/home/5668267,SDMLS,180066070,N,Y,32.740365,-116.999988
MLS Listing,,Single Family Residential,3820 Florence St,San Diego,CA,92113,569000,3,2.0,Logan Heights,879,,1921,44,647,,Active,,,http://www.redfin.com/CA/San-Diego/3820-Florence-St-92113/home/5868828,SDMLS,180063995,N,Y,32.698272,-117.111935
MLS Listing,,Single Family Residential,1747 Winnett St,San Diego,CA,92114,569000,3,2.0,Encanto,2003,15328,1980,89,284,,Active,,,http://www.redfin.com/CA/San-Diego/1747-Winnett-St-92114/home/5852535,SDMLS,180055499,N,Y,32.7236958,-117.0613646
MLS Listing,,Single Family Residential,10818 Oak Creek Dr,Lakeside,CA,92040,565000,5,2.0,Lakeside,1800,50965,1930,33,314,,Active,,,http://www.redfin.com/CA/Lakeside/10818-Oak-Creek-Dr-92040/home/81551736,SDMLS,180065202,N,Y,32.8735212,-116.95077
MLS Listing,,Single Family Residential,8808 lake ashmere,san diego,CA,92119,565000,4,2.0,San Carlos,1647,,1963,14,343,,Active,,,http://www.redfin.com/CA/San-Diego/8808-Lake-Ashmere-Dr-92119/home/5419109,SDMLS,180067772,N,Y,32.8002503,-117.0084888
MLS Listing,,Single Family Residential,5745 Nagel St,La Mesa,CA,91942,565000,4,2.0,La Mesa,1559,8500,1959,84,362,,Active,,,http://www.redfin.com/CA/La-Mesa/5745-Nagel-St-91942/home/5605262,SDMLS,180056298,N,Y,32.7835994,-117.0126773
MLS Listing,,Single Family Residential,222 Camino Vista Real,Chula Vista,CA,91910,565000,4,2.5,CHU - Chula Vista,1961,7800,1977,27,288,,Active,,,http://www.redfin.com/CA/Chula-Vista/222-Camino-Vista-Real-91910/home/6193674,CRMLS,IV18285634,N,Y,32.6289573,-117.0506985
MLS Listing,,Single Family Residential,2398 69Th St,Lemon Grove,CA,91945,565000,4,3.0,Lemon Grove,1881,10200,1978,4,300,,Active,,,http://www.redfin.com/CA/Lemon-Grove/2398-69th-St-91945/home/5553046,SDMLS,180068550,N,Y,32.731591,-117.049737
MLS Listing,,Single Family Residential,5882 Adobe Fls,San Diego,CA,92120,565000,5,3.0,Del Cerro,2037,,1965,370,277,,Active,,,http://www.redfin.com/CA/San-Diego/5882-Adobe-Falls-Rd-92120/home/5437531,SDMLS,170063400,N,Y,32.782793,-117.0727196
MLS Listing,,Single Family Residential,6015 Odessa Ave,La Mesa,CA,91942,564000,3,2.0,La Mesa,1101,6600,1953,24,512,,Active,,,http://www.redfin.com/CA/La-Mesa/6015-Odessa-Ave-91942/home/5579960,SDMLS,180066745,N,Y,32.7878797,-117.0104201
MLS Listing,,Single Family Residential,612 Robert Ave,Chula Vista,CA,91910,560000,3,2.0,Chula Vista,1805,7300,1951,176,310,,Active,,,http://www.redfin.com/CA/Chula-Vista/612-Robert-Ave-91910/home/5978705,SDMLS,180037318,N,Y,32.6351749,-117.05879
MLS Listing,,Single Family Residential,1988 La Cresta,El Cajon,CA,92021,560000,5,3.0,El Cajon,2248,17900,1960,129,249,,Active,,,http://www.redfin.com/CA/El-Cajon/1988-La-Cresta-Rd-92021/home/5686666,SDMLS,180047486,N,Y,32.8089427,-116.9085403
MLS Listing,,Single Family Residential,8501 Devos Dr,Santee,CA,92071,559900,3,2.0,Santee,1522,,1972,46,368,,Active,,,http://www.redfin.com/CA/Santee/8501-De-Vos-Dr-92071/home/5044655,SDMLS,180063606,N,Y,32.8421179,-117.0166279
MLS Listing,,Single Family Residential,9314 LAKEVIEW Rd,LAKESIDE,CA,92040,559700,2,2.0,Lakeside,1760,,1968,126,318,,Active,,,http://www.redfin.com/CA/Lakeside/9314-Lakeview-Rd-92040/home/5086632,SDMLS,180046125,N,Y,32.845626,-116.9055039
MLS Listing,,Single Family Residential,337 E Naples,Chula Vista,CA,91911,559000,5,2.5,Chula Vista,1712,7000,1959,32,327,,Active,,,http://www.redfin.com/CA/Chula-Vista/337-E-Naples-St-91911/home/6188719,SDMLS,180065416,Y,Y,32.6209323,-117.0443998
MLS Listing,,Single Family Residential,10938 Magna Ln,Santee,CA,92071,559000,4,2.0,Santee,1445,8500,1970,76,387,,Active,,,http://www.redfin.com/CA/Santee/10938-Magna-Ln-92071/home/148434964,SDMLS,180057867,N,Y,32.8678728,-116.9970153
MLS Listing,,Single Family Residential,10082 Halberns Blvd,Santee,CA,92071,559000,4,2.0,Santee,1520,7767,1979,31,368,,Active,,,http://www.redfin.com/CA/Santee/10082-Halberns-Blvd-92071/home/5008143,SDMLS,180065487,N,Y,32.8613424,-116.9927154
MLS Listing,,Single Family Residential,997 SYCAMORE Ln,EL CAJON,CA,92019,559000,3,3.0,El Cajon,1547,16119,1960,46,361,,Active,,,http://www.redfin.com/CA/El-Cajon/997-Sycamore-Ln-92019/home/5685972,SDMLS,180063534,N,Y,32.808118,-116.912457
MLS Listing,,Single Family Residential,13104 LAKEVIEW GRANADA Dr,LAKESIDE,CA,92040,553000,6,3.0,San Diego,2530,,1970,84,219,,Active,,,http://www.redfin.com/CA/Lakeside/13104-Lakeview-Granada-Dr-92040/home/5088384,SDMLS,180056412,N,Y,32.8446789,-116.9085403
MLS Listing,,Single Family Residential,303 69th St.,San Diego,CA,92114,550000,4,2.0,Encanto,1848,,1961,17,298,,Active,,,http://www.redfin.com/CA/San-Diego/303-69th-St-92114/home/6012182,SDMLS,180067590,N,Y,32.7074316,-117.0491238
MLS Listing,,Single Family Residential,735 MYRA Ave,CHULA VISTA,CA,91910,550000,3,2.0,Chula Vista,1350,,1960,63,407,,Active,,,http://www.redfin.com/CA/Chula-Vista/735-Myra-Ave-91910/home/6187800,SDMLS,180060472,N,Y,32.6323311,-117.0527214
MLS Listing,,Single Family Residential,13633 Frame Rd,Poway,CA,92064,550000,4,2.0,Poway,1288,8500,1959,4,427,,Active,,,http://www.redfin.com/CA/Poway/13633-Frame-Rd-92064/home/4783984,SDMLS,180068577,N,Y,32.9617945,-117.060675
MLS Listing,,Single Family Residential,141 E 31st,National City,CA,91950,550000,3,2.0,National City,1635,,1925,144,336,,Active,,,http://www.redfin.com/CA/National-City/141-E-31st-St-91950/home/5931705,SDMLS,180044135,Y,Y,32.6567388,-117.0974567
MLS Listing,,Single Family Residential,9833 Settle Rd,Santee,CA,92071,549900,5,2.0,Santee,1536,9583,1960,66,358,,Active,,,http://www.redfin.com/CA/Santee/9833-Settle-Rd-92071/home/5018103,SDMLS,180060014,N,Y,32.856989,-117.0042581
MLS Listing,,Single Family Residential,11189 Valle Vista Rd,Lakeside,CA,92040,549900,4,2.5,Lakeside,2098,,1976,98,262,,Active,,,http://www.redfin.com/CA/Lakeside/11189-Valle-Vista-Rd-92040/home/5001847,SDMLS,180053598,N,Y,32.8805747,-116.9381204
MLS Listing,,Single Family Residential,9709 Carita Ct,Santee,CA,92071,549900,3,2.0,Santee,1245,11700,1960,60,442,,Active,,,http://www.redfin.com/CA/Santee/9709-Carita-Ct-92071/home/5018455,SDMLS,180061132,N,Y,32.8535222,-117.0040742
MLS Listing,,Single Family Residential,57 E L St E,Chula Vista,CA,91911,549900,3,2.0,Chula Vista,1254,9000,1957,48,439,,Active,,,http://www.redfin.com/CA/Chula-Vista/57-E-L-St-91911/home/5982357,SDMLS,180063178,N,Y,32.6249175,-117.0573649
MLS Listing,,Single Family Residential,6390 Newsome Dr,San Diego,CA,92115,549900,3,2.0,San Diego,1348,,1951,19,408,,Active,,,http://www.redfin.com/CA/San-Diego/6390-Newsome-Dr-92115/home/5519247,SDMLS,180067285,N,Y,32.7473366,-117.058928
MLS Listing,,Single Family Residential,6030 Lubbock,La Mesa,CA,91942,549000,3,2.0,La Mesa,1441,,1953,104,381,,Active,,,http://www.redfin.com/CA/La-Mesa/6030-Lubbock-Ave-91942/home/5580059,SDMLS,180052384,N,Y,32.7880583,-117.007891
MLS Listing,,Single Family Residential,744 El Monte Rd,El Cajon,CA,92020,549000,3,2.0,El Cajon,1790,6700,1960,105,307,,Active,,,http://www.redfin.com/CA/El-Cajon/744-El-Monte-Rd-92020/home/5564918,SDMLS,180052287,N,Y,32.8050438,-116.9787575
MLS Listing,,Single Family Residential,66 E Mankato St,Chula Vista,CA,91910,549000,4,2.0,Chula Vista,1490,,1959,26,368,,Active,,,http://www.redfin.com/CA/Chula-Vista/66-E-Mankato-St-91910/home/5977771,SDMLS,180066272,N,Y,32.6372098,-117.0618243
MLS Listing,,Single Family Residential,8588 Echo Dr,La Mesa,CA,91941,549000,4,2.0,La Mesa,1450,7466,1966,67,379,,Active,,,http://www.redfin.com/CA/La-Mesa/8588-Echo-Dr-91941/home/5641166,SDMLS,180059594,N,Y,32.756562,-117.0119836
MLS Listing,,Single Family Residential,7127 Latrobe Cir,San Diego,CA,92139,549000,4,2.0,Paradise Hills,1830,7161,1978,24,300,,Active,,,http://www.redfin.com/CA/San-Diego/7127-Latrobe-Cir-92139/home/6055871,SDMLS,180066722,N,Y,32.6842897,-117.0380549
MLS Listing,,Single Family Residential,2266 Dusk Dr,San Diego,CA,92139,549000,3,2.0,Paradise Hills,1605,11500,1974,37,342,,Active,,,http://www.redfin.com/CA/San-Diego/2266-Dusk-Dr-92139/home/6050028,SDMLS,180064678,N,Y,32.6810613,-117.0505606
MLS Listing,,Single Family Residential,12212 Kingsford Ct,El Cajon,CA,92021,549000,4,2.5,El Cajon,1696,20038,1959,151,324,,Active,,,http://www.redfin.com/CA/El-Cajon/12212-Kingsford-Ct-92021/home/5095719,SDMLS,180042667,N,Y,32.8261868,-116.9284602
MLS Listing,,Single Family Residential,7980 Pat St,La Mesa,CA,91942,549000,4,2.0,La Mesa,1700,,1960,1,323,,Active,,,http://www.redfin.com/CA/La-Mesa/7980-Pat-St-91942/home/6250916,SDMLS,180068757,N,Y,32.7880868,-117.0256303
MLS Listing,,Single Family Residential,8847 Golden Ridge Rd,Lakeside,CA,92040,547000,5,2.0,Lake San Marcos,1369,22215,1956,74,400,,Active,,,http://www.redfin.com/CA/Lakeside/8847-Golden-Ridge-Rd-92040/home/5052665,SDMLS,180058346,N,Y,32.837252,-116.9402824
MLS Listing,,Single Family Residential,8766 Tommy Dr,San Diego,CA,92119,545000,3,2.0,SD - San Diego,1326,6600,1962,42,411,,Active,,,http://www.redfin.com/CA/San-Diego/8766-Tommy-Dr-92119/home/5417455,CRMLS,AR18276937,N,Y,32.8058913,-117.0088107
MLS Listing,,Single Family Residential,1277 Nacion Ave,Chula Vista,CA,91911,545000,4,2.0,Chula Vista,1529,,1971,18,356,,Active,,,http://www.redfin.com/CA/Chula-Vista/1277-Nacion-Ave-91911/home/6128169,SDMLS,180067393,N,Y,32.6155611,-117.0389055
MLS Listing,,Single Family Residential,213 Los Reyes,San Diego,CA,92114,545000,4,3.0,San Diego,1854,10500,1961,68,294,,Active,,,http://www.redfin.com/CA/San-Diego/213-Los-Reyes-Dr-92114/home/6012614,SDMLS,180059543,N,Y,32.7057658,-117.0469285
MLS Listing,,Single Family Residential,5403 Grape St,San Diego,CA,92105,545000,3,2.0,City Heights,1066,7500,2016,107,511,,Active,,,http://www.redfin.com/CA/San-Diego/5403-Grape-St-92105/home/5841541,SDMLS,180051953,N,Y,32.7255366,-117.0827869
MLS Listing,,Single Family Residential,445 Edward St,El Cajon,CA,92020,544900,3,2.0,El Cajon,1400,7900,1960,12,389,,Active,,,http://www.redfin.com/CA/El-Cajon/445-Edward-St-92020/home/5562086,SDMLS,180067973,N,Y,32.7997523,-116.9981419
MLS Listing,,Single Family Residential,10645 Oak Creek Dr,Lakeside,CA,92040,544900,3,2.5,Lakeside,1546,48351,1988,34,352,,Active,,,http://www.redfin.com/CA/Lakeside/10645-Oak-Creek-Dr-92040/home/5011436,SDMLS,180064903,N,Y,32.8717799,-116.9463082
MLS Listing,,Single Family Residential,3609 Nassau Dr,San Diego,CA,92115,543210,3,2.0,San Diego,1008,6800,1955,32,539,,Active,,,http://www.redfin.com/CA/San-Diego/3609-Nassau-Dr-92115/home/5549472,SDMLS,180065407,N,Y,32.7430307,-117.0507445
MLS Listing,,Single Family Residential,209 Camino Elevado,Bonita,CA,91902,539900,3,2.0,Bonita,1819,27442,1970,48,297,,Active,,,http://www.redfin.com/CA/Bonita/209-Camino-Elevado-91902/home/6074735,SDMLS,180063175,N,Y,32.6581004,-117.0287765
MLS Listing,,Single Family Residential,3164 Central Ave,Spring Valley,CA,91977,539000,3,2.0,SPV - Spring Valley,1833,10454,1971,18,294,,Active,January-5-2019 10:00 AM,January-5-2019 02:00 PM,http://www.redfin.com/CA/Spring-Valley/3164-Central-Ave-91977/home/5661995,CRMLS,OC18290611,N,Y,32.7402128,-117.0109719
MLS Listing,,Single Family Residential,8755 Almond Rd,Lakeside,CA,92040,539000,3,2.5,LAK - Lakeside,1428,30492,1975,128,377,,Active,,,http://www.redfin.com/CA/Lakeside/8755-Almond-Rd-92040/home/5052579,CRMLS,PW18207866,N,Y,32.8365517,-116.9382814
MLS Listing,,Single Family Residential,1245 Neptune Dr,Chula Vista,CA,91911,539000,5,2.5,Chula Vista,2123,,1972,116,254,,Active,,,http://www.redfin.com/CA/Chula-Vista/1245-Neptune-Dr-91911/home/6128189,SDMLS,180049904,N,Y,32.6159572,-117.0408135
MLS Listing,,Single Family Residential,143 Prospect St,Chula Vista,CA,91911,539000,3,2.0,Chula Vista,1845,7000,1964,115,292,,Active,,,http://www.redfin.com/CA/Chula-Vista/143-Prospect-St-91911/home/6122107,SDMLS,180050480,N,Y,32.6073671,-117.0595256
MLS Listing,,Single Family Residential,8446 Carlton Oaks Dr,Santee,CA,92071,539000,3,2.0,Santee,1305,6600,1972,26,413,,Active,,,http://www.redfin.com/CA/Santee/8446-Carlton-Oaks-Dr-92071/home/5044673,SDMLS,180066395,N,Y,32.8414622,-117.0178694
MLS Listing,,Single Family Residential,9464 Mandeville Rd,Santee,CA,92071,539000,3,2.0,Santee,1480,,1965,5,364,,Active,,,http://www.redfin.com/CA/Santee/9464-Mandeville-Rd-92071/home/5015130,SDMLS,180068474,N,Y,32.8486749,-116.9933133
MLS Listing,,Single Family Residential,10217 Holden Trails Rd,Lakeside,CA,92040,537500,3,2.0,Lakeside,1694,10310,1994,25,317,,Active,,,http://www.redfin.com/CA/Lakeside/10217-Holden-Trails-Rd-92040/home/5010366,SDMLS,180066483,N,Y,32.8625983,-116.9566461
MLS Listing,,Single Family Residential,10735 VALOR Pl,SANTEE,CA,92071,535000,4,2.0,Santee,1702,,1975,98,314,,Active,,,http://www.redfin.com/CA/Santee/10735-Valor-Pl-92071/home/5034101,SDMLS,180053718,N,Y,32.8614229,-116.9647527
MLS Listing,,Single Family Residential,10117 Lakeland Dr,Santee,CA,92071,535000,4,2.0,San Diego,1186,7500,1973,74,451,,Active,,,http://www.redfin.com/CA/Santee/10117-Lakeland-Dr-92071/home/5004976,SDMLS,180058493,N,Y,32.8616757,-117.0028785
MLS Listing,,Single Family Residential,7146 Central Ave,Lemon Grove,CA,91945,535000,4,2.0,Lemon Grove,1607,9500,2010,16,333,,Active,,,http://www.redfin.com/CA/Lemon-Grove/7146-Central-Ave-91945/home/147170484,SDMLS,180067603,N,Y,32.74014,-117.0438481
MLS Listing,,Single Family Residential,6769 Charlene Ave,San Diego,CA,92114,535000,3,2.0,San Diego,2166,9500,1960,73,247,,Active,,,http://www.redfin.com/CA/San-Diego/6769-Charlene-Ave-92114/home/5550272,SDMLS,180058715,N,Y,32.7315393,-117.0522157
MLS Listing,,Single Family Residential,9355 Marilla Dr,Lakeside,CA,92040,535000,3,2.0,Lakeside,1716,27007,1956,26,312,,Active,,,http://www.redfin.com/CA/Lakeside/9355-Marilla-Dr-92040/home/5038455,SDMLS,180066242,N,Y,32.8466655,-116.9410644
MLS Listing,,Single Family Residential,5421 Olvera Ave,San Diego,CA,92114,530000,4,2.0,San Diego,1607,8100,1948,132,330,,Active,,,http://www.redfin.com/CA/San-Diego/5421-Olvera-Ave-92114/home/5901448,SDMLS,180046837,N,Y,32.6986265,-117.0792473
MLS Listing,,Single Family Residential,5206 San Bernardo Ter,San Diego,CA,92114,530000,5,3.0,East San Diego,1653,,1952,52,321,,Active,,,http://www.redfin.com/CA/San-Diego/5206-San-Bernardo-Ter-92114/home/5877220,SDMLS,180062498,N,Y,32.6994465,-117.0829248
MLS Listing,,Single Family Residential,9506 Emerald Grove Ave,Lakeside,CA,92040,529900,3,2.0,Lakeside,1934,28749,1974,67,274,,Active,,,http://www.redfin.com/CA/Lakeside/9506-Emerald-Grove-Ave-92040/home/5039917,SDMLS,180059765,N,Y,32.8496124,-116.9382143
MLS Listing,,Single Family Residential,4017 Vivian,San Diego,CA,92115,529900,2,1.5,College Grove,1066,,1950,62,497,,Active,,,http://www.redfin.com/CA/San-Diego/4017-Vivian-St-92115/home/5517943,SDMLS,180060516,N,Y,32.7508952,-117.055388
MLS Listing,,Single Family Residential,1548 Peerless Dr,El Cajon,CA,92021,529900,3,2.0,El Cajon,2184,17878,1971,35,243,,Active,,,http://www.redfin.com/CA/El-Cajon/1548-Peerless-Dr-92021/home/6284631,CRMLS,180064846,N,Y,32.8181815,-116.9310117
MLS Listing,,Single Family Residential,9710 Prospect Ave,Lakeside,CA,92040,529900,4,3.5,Lakeside,2590,13787,2005,129,205,,Active,,,http://www.redfin.com/CA/Lakeside/9710-Prospect-Ave-92040/home/17193521,SDMLS,180047663,N,Y,32.8548044,-116.9269055
MLS Listing,,Single Family Residential,1137 Del Mar Ave,Chula Vista,CA,91911,529500,3,2.0,Chula Vista,1564,9940,1947,87,339,,Active,,,http://www.redfin.com/CA/Chula-Vista/1137-Del-Mar-Ave-91911/home/6119431,SDMLS,180055845,N,Y,32.6129389,-117.0668813
MLS Listing,,Single Family Residential,1714 Jasmine St,El Cajon,CA,92021,529000,3,2.0,El Cajon,1433,,1976,10,369,,Active,,,http://www.redfin.com/CA/El-Cajon/1714-Jasmine-St-92021/home/5099484,SDMLS,180068215,N,Y,32.8169413,-116.9168639
MLS Listing,,Single Family Residential,735 Twin Oaks Ave,Chula Vista,CA,91910,529000,3,2.0,Chula Vista,1498,6700,1957,63,353,,Active,,,http://www.redfin.com/CA/Chula-Vista/735-Twin-Oaks-Ave-91910/home/5974804,SDMLS,180060330,N,Y,32.627109,-117.070642
MLS Listing,,Single Family Residential,6436 Seascape Dr,San Diego,CA,92139,529000,5,2.0,Paradise Hills,2367,,1960,43,223,,Active,,,http://www.redfin.com/CA/San-Diego/6436-Seascape-Dr-92139/home/6047677,SDMLS,180064029,N,Y,32.6756119,-117.0520318
MLS Listing,,Single Family Residential,819 Jacumba St,San Diego,CA,92114,525000,5,2.5,Encanto,1316,,1954,123,399,,Active,,,http://www.redfin.com/CA/San-Diego/819-Jacumba-St-92114/home/6021299,SDMLS,180048747,N,Y,32.7130548,-117.0297786
MLS Listing,,Single Family Residential,562 Douglas St,Chula Vista,CA,91910,525000,3,2.0,Chula Vista,2000,,1965,100,263,,Active,,,http://www.redfin.com/CA/Chula-Vista/Douglas-St-91910/home/6191925,SDMLS,180053380,N,Y,32.6297688,-117.0389974
MLS Listing,,Single Family Residential,12464 GAY RIO Dr,Lakeside,CA,92040,525000,3,2.0,Lakeside,1675,15123,1974,48,313,,Active,,,http://www.redfin.com/CA/Lakeside/12464-Gay-Rio-Dr-92040/home/5096950,SDMLS,180063096,N,Y,32.8297784,-116.9227328
MLS Listing,,Single Family Residential,5806 Nagel St,La Mesa,CA,91942,525000,3,2.0,La Mesa,1476,9800,1953,10,356,,Active,,,http://www.redfin.com/CA/La-Mesa/5806-Nagel-St-91942/home/5579790,SDMLS,180068247,N,Y,32.7846121,-117.0129762
MLS Listing,,Single Family Residential,2212 Ridge View Dr,San Diego,CA,92105,525000,3,1.0,East San Diego,1196,,1952,45,439,,Active,,,http://www.redfin.com/CA/San-Diego/2212-Ridge-View-Dr-92105/home/5834001,SDMLS,180063787,N,Y,32.7293328,-117.0964851
MLS Listing,,Single Family Residential,4152 Home Ave,San Diego,CA,92105,525000,3,2.0,San Diego,1040,,1960,52,505,,Active,,,http://www.redfin.com/CA/San-Diego/4152-Home-Ave-92105/home/5838584,SDMLS,180062744,N,Y,32.7242366,-117.1062755
MLS Listing,,Single Family Residential,13029 Golden,Poway,CA,92064,524999,3,2.0,Poway,998,22215,1955,82,526,,Active,,,http://www.redfin.com/CA/Poway/13029-Golden-Way-92064/home/4843794,SDMLS,180056840,N,Y,32.9534994,-117.024031
MLS Listing,,Single Family Residential,479 N Cuyamaca St,El Cajon,CA,92020,520000,4,3.0,El Cajon,1799,7300,1975,5,289,,Active,,,http://www.redfin.com/CA/El-Cajon/479-Cuyamaca-St-92020/home/5589011,SDMLS,180068197,N,Y,32.8005875,-116.9793094
MLS Listing,,Single Family Residential,1052 Corte Maria Ave,Chula Vista,CA,91911,520000,3,2.0,Chula Vista,1340,7100,1955,109,388,,Active,,,http://www.redfin.com/CA/Chula-Vista/1052-Corte-Maria-Ave-91911/home/5984104,SDMLS,180051570,N,Y,32.6182856,-117.0593417
MLS Listing,,Single Family Residential,609 Belinda Way,Chula Vista,CA,91910,519900,3,2.0,Chula Vista,1066,7000,1951,12,488,,Active,,,http://www.redfin.com/CA/Chula-Vista/609-Belinda-Way-91910/home/5978470,SDMLS,180067989,N,Y,32.6345563,-117.0614565
MLS Listing,,Single Family Residential,215 E OXFORD,CHULA VISTA,CA,91911,519900,4,2.0,Chula Vista,1800,,1959,130,289,,Active,,,http://www.redfin.com/CA/Chula-Vista/215-E-Oxford-St-91911/home/5985944,SDMLS,180046842,N,Y,32.6163161,-117.0472043
MLS Listing,,Single Family Residential,9237 Galston Dr,Santee,CA,92071,519900,3,2.0,Santee,1092,7700,1960,17,476,,Active,,,http://www.redfin.com/CA/Santee/9237-Galston-Dr-92071/home/5018206,SDMLS,180067589,N,Y,32.856605,-117.0029245
MLS Listing,,Single Family Residential,9312 E Heaney Cir,Santee,CA,92071,519000,3,2.0,Santee,1326,10200,1960,32,391,,Active,,,http://www.redfin.com/CA/Santee/9312-E-Heaney-Cir-92071/home/5016307,SDMLS,180065369,N,Y,32.8459665,-116.9997055
MLS Listing,,Single Family Residential,445 W Washington Ave,El Cajon,CA,92020,519000,3,1.0,El Cajon,1250,19400,1926,52,415,,Active,,,http://www.redfin.com/CA/El-Cajon/445-W-Washington-Ave-92020/home/5609140,SDMLS,180062736,N,Y,32.7875053,-116.967078
MLS Listing,,Single Family Residential,7282 San Miguel Ave,Lemon Grove,CA,91945,519000,3,2.0,Lemon Grove,1335,,1947,77,389,,Active,,,http://www.redfin.com/CA/Lemon-Grove/7282-San-Miguel-91945/home/5552097,SDMLS,180057725,N,Y,32.73555,-117.040883
MLS Listing,,Single Family Residential,10326 Strathmore Dr,Santee,CA,92071,517000,3,2.0,SAN - Santee,1116,7700,1960,102,463,,Active,,,http://www.redfin.com/CA/Santee/10326-Strathmore-Dr-92071/home/5003699,CRMLS,SW18229296,N,Y,32.8654378,-117.0060056
MLS Listing,,Single Family Residential,10815 El Nopal,Santee,CA,92071,510000,4,2.0,Santee,1454,6800,1974,124,351,,Active,,,http://www.redfin.com/CA/Santee/10815-El-Nopal-92071/home/5034067,SDMLS,180048402,N,Y,32.8620811,-116.9652587
MLS Listing,,Single Family Residential,139 Royal Oak Dr,San Diego,CA,92114,509500,4,3.0,San Diego,1590,,1971,98,320,,Active,,,http://www.redfin.com/CA/San-Diego/139-Royal-Oak-Dr-92114/home/6028485,SDMLS,180053557,N,Y,32.7038036,-117.0263301
MLS Listing,,Single Family Residential,195 DANNER,EL CAJON,CA,92020,509000,3,2.0,El Cajon,1803,8900,1959,64,282,,Active,,,http://www.redfin.com/CA/El-Cajon/195-Danner-Pl-92020/home/5609779,SDMLS,180060273,N,Y,32.7864534,-116.9601993
MLS Listing,,Single Family Residential,338 Turquoise Ct,Chula Vista,CA,91911,500000,3,1.5,Chula Vista,1288,,1966,45,388,,Active,,,http://www.redfin.com/CA/Chula-Vista/338-Turquoise-Ct-91911/home/6135620,SDMLS,180063859,N,Y,32.5979059,-117.0371813
MLS Listing,,Single Family Residential,499 Queen Anne Dr,Chula Vista,CA,91911,500000,4,2.0,Chula Vista,1586,10022,1960,356,315,,Active,,,http://www.redfin.com/CA/Chula-Vista/499-Queen-Anne-Dr-91911/home/6117503,SDMLS,180001718,N,Y,32.6090885,-117.0760754
MLS Listing,,Single Family Residential,9248 Hillside Dr,Spring Valley,CA,91977,500000,4,2.0,Spring Valley,1763,11326,1962,18,284,,Active,,,http://www.redfin.com/CA/Spring-Valley/9248-Hillside-Dr-91977/home/5671486,SDMLS,180067361,N,Y,32.7483701,-116.9976361
MLS Listing,,Single Family Residential,2446 Buena Vista Ave,Lemon Grove,CA,91945,500000,3,2.0,LEG - Lemon Grove,1738,7200,1963,14,288,,Active,,,http://www.redfin.com/CA/Lemon-Grove/2446-Buena-Vista-Ave-91945/home/5558001,CRMLS,SW18292550,N,Y,32.7324678,-117.0345835
MLS Listing,,Single Family Residential,943 Melrose Ave,Chula Vista,CA,91911,499999,3,2.0,Chula Vista,1310,,1961,59,382,,Active,,,http://www.redfin.com/CA/Chula-Vista/943-Melrose-Ave-91911/home/6189574,SDMLS,180061281,N,Y,32.6257166,-117.0486296
MLS Listing,,Single Family Residential,367 Inkopah St,Chula Vista,CA,91911,499999,4,3.0,CHU - Chula Vista,1560,7300,1960,60,321,,Active,,,http://www.redfin.com/CA/Chula-Vista/367-Inkopah-St-91911/home/6188393,CRMLS,170062283,N,Y,32.6243258,-117.0443998
MLS Listing,,Single Family Residential,10009 Via Rita,Santee,CA,92071,499900,3,2.0,Santee,1312,7000,1971,48,381,,Active,,,http://www.redfin.com/CA/Santee/10009-Via-Rita-92071/home/5028257,SDMLS,180063160,N,Y,32.8593008,-116.9798843
MLS Listing,,Single Family Residential,12298 Linroe Dr,Lakeside,CA,92040,499900,3,2.0,LAK - Lakeside,1736,10454,1972,105,288,,Active,,,http://www.redfin.com/CA/Lakeside/12298-Linroe-Dr-92040/home/5088224,CRMLS,SW18227062,N,Y,32.8332139,-116.9270341
MLS Listing,,Single Family Residential,8524 Pueblo Rd,Lakeside,CA,92040,499900,3,2.0,Lakeside,1560,15246,1979,47,320,,Active,,,http://www.redfin.com/CA/Lakeside/8524-Pueblo-Rd-92040/home/5066494,SDMLS,180063278,N,Y,32.8317534,-116.9314043
MLS Listing,,Single Family Residential,14574 Kennebunk St,Poway,CA,92064,499900,3,1.0,Poway,958,8500,1961,54,522,,Active,,,http://www.redfin.com/CA/Poway/14574-Kennebunk-St-92064/home/4842082,SDMLS,180062100,N,Y,32.9533617,-117.0153404
MLS Listing,,Single Family Residential,168 E Quintard St,Chula Vista,CA,91911,499900,4,2.0,Chula Vista,1790,,1963,26,279,,Active,,,http://www.redfin.com/CA/Chula-Vista/168-E-Quintard-St-91911/home/6125029,SDMLS,180066367,N,Y,32.6085014,-117.0460779
MLS Listing,,Single Family Residential,1340 Somermont Dr,El Cajon,CA,92021,499499,4,2.0,El Cajon,1552,9500,1952,46,322,,Active,,,http://www.redfin.com/CA/El-Cajon/1340-Somermont-Dr-92021/home/5062308,SDMLS,180062474,N,Y,32.8235877,-116.9451583
MLS Listing,,Single Family Residential,2453 Edding Dr,Lemon Grove,CA,91945,499000,3,1.5,Lemon Grove,1100,,1967,82,454,,Active,,,http://www.redfin.com/CA/Lemon-Grove/2453-Edding-Dr-91945/home/5557839,SDMLS,180056758,N,Y,32.733287,-117.037763
MLS Listing,,Single Family Residential,1297 Exeter St,El Cajon,CA,92019,499000,3,2.0,El Cajon,1220,6500,1960,48,409,,Active,,,http://www.redfin.com/CA/El-Cajon/1297-Exeter-St-92019/home/5600271,SDMLS,180063171,N,Y,32.7915631,-116.9360044
MLS Listing,,Single Family Residential,1404 E Division St,National City,CA,91950,499000,4,2.0,National City,1582,6615,1964,30,315,,Active,,,http://www.redfin.com/CA/National-City/1404-Division-St-91950/home/5907929,SDMLS,180065695,N,Y,32.6865138,-117.0951521
MLS Listing,,Single Family Residential,8905 Carlton Oaks Dr,Santee,CA,92071,499000,3,2.0,Santee,1953,9400,1960,83,256,,Active,,,http://www.redfin.com/CA/Santee/8905-Carlton-Oaks-Dr-92071/home/5041536,SDMLS,180056509,N,Y,32.8437431,-117.0075231
MLS Listing,,Single Family Residential,13152 S Mountain Dr,Lakeside,CA,92040,499000,3,2.0,Lakeside,1068,,1966,2,467,,Active,,,http://www.redfin.com/CA/Lakeside/13152-S-Mountain-Dr-92040/home/5077675,SDMLS,180068705,N,Y,32.860053,-116.9095065
MLS Listing,,Single Family Residential,6871 Jackson Dr,San Diego,CA,92119,498000,3,2.0,San Carlos,1204,8200,1961,40,414,,Active,,,http://www.redfin.com/CA/San-Diego/6871-Jackson-Dr-92119/home/6251295,SDMLS,180064389,N,Y,32.796278,-117.0296407
MLS Listing,,Single Family Residential,9579 Janfred,La Mesa,CA,91942,497000,3,2.0,La Mesa,1862,,1958,42,267,,Active,,,http://www.redfin.com/CA/La-Mesa/9579-Janfred-Way-91942/home/5588225,SDMLS,180064065,N,Y,32.7842161,-116.9908299
MLS Listing,,Single Family Residential,1122 Dawnridge Ave,El Cajon,CA,92021,495000,3,2.0,El Cajon,1485,,1976,93,333,,Active,,,http://www.redfin.com/CA/El-Cajon/1122-Dawnridge-Ave-92021/home/5571186,SDMLS,180054706,N,Y,32.8160401,-116.9433643
MLS Listing,,Single Family Residential,356 THERESA Way,CHULA VISTA,CA,91911,495000,4,2.0,Chula Vista,1402,,1968,28,353,,Active,,,http://www.redfin.com/CA/Chula-Vista/356-Theresa-Way-91911/home/6192518,SDMLS,180065910,N,Y,32.6195577,-117.0427446
MLS Listing,,Single Family Residential,1459 Nolan Ct,Chula Vista,CA,91911,494900,3,2.0,Chula Vista,1500,10900,1966,72,330,,Active,,,http://www.redfin.com/CA/Chula-Vista/1459-Nolan-Ct-91911/home/6446709,SDMLS,180058905,N,Y,32.605616,-117.0381468
MLS Listing,,Single Family Residential,8320 Holt,Spring Valley,CA,91977,494500,4,2.0,Spring Valley,1569,,1971,29,315,,Active,,,http://www.redfin.com/CA/Spring-Valley/8320-Holt-St-91977/home/6038559,SDMLS,180065840,N,Y,32.6995295,-117.021502
MLS Listing,,Single Family Residential,19 Plymouth Pl,Chula Vista,CA,91911,490000,4,2.0,Chula Vista,1575,,1968,151,311,,Active,,,http://www.redfin.com/CA/Chula-Vista/19-Plymouth-Ct-91911/home/6121759,SDMLS,180042925,N,Y,32.6079813,-117.0540547
MLS Listing,,Single Family Residential,6029 Hughes St,San Diego,CA,92115,489900,4,2.5,College Grove,1803,7400,2002,2,272,,Active,,,http://www.redfin.com/CA/San-Diego/6029-Hughes-St-92115/home/5514389,SDMLS,180068690,N,Y,32.7460596,-117.0668813
MLS Listing,,Single Family Residential,8863 Jaylee Ave,Spring Valley,CA,91977,489000,4,2.0,SPV - Spring Valley,1688,6800,1960,54,290,,Active,,,http://www.redfin.com/CA/Spring-Valley/8863-Jaylee-Ave-91977/home/6026038,CRMLS,OC18269006,N,Y,32.7080369,-117.0159152
MLS Listing,,Single Family Residential,1720 Gateway Dr,San Diego,CA,92105,489000,2,1.0,City Heights,744,8400,1956,26,657,,Active,,,http://www.redfin.com/CA/San-Diego/1720-Gateway-Dr-92105/home/5830552,SDMLS,180066333,N,Y,32.723761,-117.1081889
MLS Listing,,Single Family Residential,1296 Cresthill Rd,El Cajon,CA,92021,489000,4,2.0,El Cajon,1641,9500,1951,5,298,,Active,,,http://www.redfin.com/CA/El-Cajon/1296-Cresthill-Rd-92021/home/5064900,SDMLS,180068414,N,Y,32.817559,-116.9360227
MLS Listing,,Single Family Residential,3923 E Plaza Blvd,National City,CA,91950,489000,4,2.0,National City,1800,,1960,139,272,,Active,,,http://www.redfin.com/CA/National-City/3923-E-Plaza-Blvd-91950/home/6229380,SDMLS,180045262,N,Y,32.6895067,-117.0671571
MLS Listing,,Single Family Residential,3144 Vista Ave,Lemon Grove,CA,91945,488000,3,2.0,Lemon Grove,1128,9400,1925,30,433,,Active,,,http://www.redfin.com/CA/Lemon-Grove/3144-Vista-Ave-91945/home/5551238,SDMLS,180065700,N,Y,32.7395887,-117.0418251
MLS Listing,,Single Family Residential,3471 Par Dr,La Mesa,CA,91941,485900,3,2.0,La Mesa,1008,7000,1952,11,482,,Active,,,http://www.redfin.com/CA/La-Mesa/3471-Par-Dr-91941/home/5639437,SDMLS,180068103,N,Y,32.7455994,-117.0158809
MLS Listing,,Single Family Residential,91 E donahoe St,chula vista,CA,91911,485000,3,1.5,Chula Vista,1402,6500,1955,54,346,,Active,,,http://www.redfin.com/CA/Chula-Vista/91-E-Donahoe-St-91911/home/5982735,SDMLS,180062067,N,Y,32.6238828,-117.0554799
MLS Listing,,Single Family Residential,608 Vista Way,Chula Vista,CA,91910,485000,3,2.0,Chula Vista,1559,7800,1956,24,311,,Active,January-2-2019 02:00 PM,January-2-2019 04:00 PM,http://www.redfin.com/CA/Chula-Vista/608-Vista-Way-91910/home/5978133,SDMLS,180066632,N,Y,32.6336763,-117.0647206
MLS Listing,,Single Family Residential,6071 Albemarle St,San Diego,CA,92139,485000,3,1.0,Paradise Hills,930,7600,1953,3,522,,Active,,,http://www.redfin.com/CA/San-Diego/6071-Albemarle-St-92139/home/6043617,SDMLS,180068685,N,Y,32.6775801,-117.060629
MLS Listing,,Single Family Residential,871 Billow Dr,San Diego,CA,92114,485000,3,1.0,San Diego,1182,7200,1954,25,410,,Active,,,http://www.redfin.com/CA/San-Diego/871-Billow-Dr-92114/home/6021596,SDMLS,180066455,N,Y,32.7151235,-117.024031
MLS Listing,,Single Family Residential,1064 Woodhaven Dr,Spring Valley,CA,91977,485000,4,2.0,San Diego,1765,8100,1959,77,275,,Active,,,http://www.redfin.com/CA/Spring-Valley/1064-Woodhaven-Dr-91977/home/6024949,SDMLS,180057680,N,Y,32.713853,-117.0186741
MLS Listing,,Single Family Residential,2532 Sweetwater Rd,Spring Valley,CA,91977,481000,4,2.0,Spring Valley,1400,8300,1975,60,344,,Active,,,http://www.redfin.com/CA/Spring-Valley/2532-Sweetwater-Rd-91977/home/6431745,SDMLS,180060878,N,Y,32.7332152,-117.0148116
MLS Listing,,Single Family Residential,882 Carlsbad St,San Diego,CA,92114,480000,4,2.0,Spring Valley,1184,6500,1975,83,405,,Active,,,http://www.redfin.com/CA/San-Diego/882-Carlsbad-St-92114/home/6030123,SDMLS,180056562,N,Y,32.7101055,-117.019065
MLS Listing,,Single Family Residential,13104 Chrissy Way,Lakeside,CA,92040,480000,3,2.0,Lakeside,1250,7200,1970,72,384,,Active,,,http://www.redfin.com/CA/Lakeside/13104-Chrissy-Way-92040/home/5079877,SDMLS,180058919,N,Y,32.862432,-116.9115767
MLS Listing,,Single Family Residential,541 Los Angeles Pl,San Diego,CA,92114,479900,3,2.0,Encanto,1108,7000,1953,12,433,,Active,,,http://www.redfin.com/CA/San-Diego/541-Los-Angeles-Pl-92114/home/5877868,SDMLS,180068004,N,Y,32.6991758,-117.0784659
MLS Listing,,Single Family Residential,5164 Bocaw Pl,San Diego,CA,92115,479500,2,1.0,San Diego,848,7000,1954,13,565,,Active,,,http://www.redfin.com/CA/San-Diego/5164-Bocaw-Pl-92115/home/5477610,SDMLS,180067816,N,Y,32.7724398,-117.0508824
MLS Listing,,Single Family Residential,82 E Naples St,Chula Vista,CA,91911,479000,3,2.0,Chula Vista,1570,,1959,5,305,,Active,,,http://www.redfin.com/CA/Chula-Vista/82-E-Naples-St-91911/home/5985317,SDMLS,180068466,N,Y,32.6179774,-117.0530892
MLS Listing,,Single Family Residential,590 Braun Ave,San Diego,CA,92114,479000,3,2.0,San Diego,1480,,1974,42,324,,Active,,,http://www.redfin.com/CA/San-Diego/590-Braun-Ave-92114/home/6022790,SDMLS,180064185,N,Y,32.7111978,-117.0222837
For-Sale-by-Owner Listing,,Single Family Residential,1725 Pepper Dr,El Cajon,CA,92021,478000,3,2.0,El Cajon,1807,21780,1956,31,265,,Active,,,http://www.redfin.com/CA/El-Cajon/1725-Pepper-Dr-92021/home/5097804,Fizber.com,4990082,N,Y,32.8181355,-116.9193056
MLS Listing,,Single Family Residential,763 Brockton St,El Cajon,CA,92020,478000,3,2.0,ELC - El Cajon,1596,11000,1951,80,299,,Active,,,http://www.redfin.com/CA/El-Cajon/763-Brockton-St-92020/home/5561179,CRMLS,IV18248510,N,Y,32.8048274,-116.9954863
MLS Listing,,Single Family Residential,8843 Innsdale Ave,Spring Valley,CA,91977,477900,4,2.0,Spring Valley,1310,7300,1960,27,365,,Active,,,http://www.redfin.com/CA/Spring-Valley/8843-Innsdale-Ave-91977/home/6025992,SDMLS,180066069,N,Y,32.7086809,-117.016398
MLS Listing,,Single Family Residential,9775 Mast Blvd,Santee,CA,92071,475000,4,2.0,Santee,1248,,1970,24,381,,Active,,,http://www.redfin.com/CA/Santee/9775-Mast-Blvd-92071/home/5020301,SDMLS,180066750,N,Y,32.854592,-116.9854032
MLS Listing,,Single Family Residential,498 Broadview St,Spring Valley,CA,91977,475000,3,2.0,Spring Valley,1599,,1960,130,297,,Active,,,http://www.redfin.com/CA/Spring-Valley/498-Broadview-St-91977/home/6027208,SDMLS,180047194,N,Y,32.7028253,-117.0134549
MLS Listing,,Single Family Residential,194 Corte Helena Ave,Chula Vista,CA,91910,475000,3,2.0,Chula Vista,1780,,1953,20,267,,Active,,,http://www.redfin.com/CA/Chula-Vista/194-Corte-Helena-Ave-91910/home/5947510,SDMLS,180067087,N,Y,32.6475775,-117.0726277
MLS Listing,,Single Family Residential,8756 Los Coches Rd,Lakeside,CA,92040,475000,3,2.0,Lakeside,1538,16500,1957,161,309,,Active,,,http://www.redfin.com/CA/Lakeside/8756-Los-Coches-Rd-92040/home/5087132,SDMLS,180040451,N,Y,32.8354397,-116.907833
MLS Listing,,Single Family Residential,5912 Schuyler St E,San Diego,CA,92139,475000,3,1.5,Paradise Hills,1541,8600,1945,117,308,,Active,,,http://www.redfin.com/CA/San-Diego/5912-Schuyler-St-92139/home/6042847,SDMLS,180049612,N,Y,32.6784762,-117.063985
MLS Listing,,Single Family Residential,346 S 33rd St,San Diego,CA,92113,475000,3,2.0,San Diego,1042,8218,1953,206,456,,Active,,,http://www.redfin.com/CA/San-Diego/346-S-33rd-St-92113/home/142939436,SDMLS,180031095,N,Y,32.7026898,-117.1228225
MLS Listing,,Single Family Residential,5515 Winchester St,San Diego,CA,92139,469900,4,1.0,Paradise Hills,1264,,1953,15,372,,Active,,,http://www.redfin.com/CA/San-Diego/5515-Winchester-St-92139/home/6045239,SDMLS,180067663,N,Y,32.6712768,-117.0683294
MLS Listing,,Single Family Residential,4112 60th St,San Diego,CA,92115,469000,2,1.0,San Diego,990,11761,1950,32,474,,Active,,,http://www.redfin.com/CA/San-Diego/4112-60th-St-92115/home/5510445,SDMLS,180065293,N,Y,32.7526619,-117.0671111
MLS Listing,,Single Family Residential,1508 Tarleton St,Spring Valley,CA,91977,469000,3,2.0,Spring Valley,1357,8000,1960,31,346,,Active,,,http://www.redfin.com/CA/Spring-Valley/1508-Tarleton-St-91977/home/5995890,SDMLS,180065463,N,Y,32.720886,-117.0227895
MLS Listing,,Single Family Residential,559 Ballantyne St,El Cajon,CA,92020,469000,4,2.0,El Cajon,1100,7700,1950,30,426,,Active,,,http://www.redfin.com/CA/El-Cajon/559-Ballantyne-St-92020/home/5569499,SDMLS,180065698,N,Y,32.8018932,-116.9578995
MLS Listing,,Single Family Residential,2615 L Ave,National City,CA,91950,465000,3,1.5,National City,1122,,1920,49,414,,Active,,,http://www.redfin.com/CA/National-City/2615-L-Ave-91950/home/5933108,SDMLS,180062968,N,Y,32.6635217,-117.0882571
MLS Listing,,Single Family Residential,63 E Donahoe St,Chula Vista,CA,91911,465000,3,2.0,Chula Vista,1050,6500,1954,78,443,,Active,,,http://www.redfin.com/CA/Chula-Vista/63-E-Donahoe-St-91911/home/5982764,SDMLS,180057638,N,Y,32.6235967,-117.0565373
